CAPA_ID,Dev_ID,Batch_ID,Product,Production_Line,CAPA_Open_Date,Month_Year,CAPA_Type,Corrective_Action,Preventive_Action,Responsible_Person,Target_Closure_Date,Actual_Closure_Date,TAT_Days,Target_TAT_Days,On_Time,Effectiveness,Verified_By,Status
CAPA-0001,DEV-0001,BCH-2023-0479,Masala Peanuts,Line E,2024-02-05 00:00:00,Feb-2024,Immediate Corrective Action,Batch placed on hold; re-test on retained sample; released after confirmation,Supplier qualification review; monthly CoA audit added to incoming QC protocol,Ramesh K.,2024-02-19 00:00:00,2024-02-22 00:00:00,17,14,No,Effective,Sagar A.,Closed
CAPA-0002,DEV-0002,BCH-2022-0067,Roasted Corn,Line A,2022-04-27 00:00:00,Apr-2022,Root Cause Elimination,Equipment recalibrated; verification run conducted before resuming production,Preventive maintenance frequency increased from semi-annual to quarterly,Priya S.,2022-05-11 00:00:00,2022-05-14 00:00:00,17,14,No,Effective,Divya N.,Closed
CAPA-0003,DEV-0003,BCH-2023-0552,Tapioca Crisps,Line F,2024-05-30 00:00:00,May-2024,Preventive Action,Analyst retrained on SOP; competency assessment passed,SOP revised with mandatory double-check; training matrix updated for all QC staff,Anand M.,2024-06-29 00:00:00,2024-07-01 00:00:00,32,30,No,Effective,Karthik V.,Closed
CAPA-0004,DEV-0004,BCH-2022-0041,Jackfruit Chips,Line E,2022-03-22 00:00:00,Mar-2022,Process Improvement,Process parameter adjusted; 3 consecutive conforming batches verified,SPC chart implemented for this parameter; daily trending review added,Sagar A.,2022-04-05 00:00:00,2022-04-07 00:00:00,16,14,No,Partially Effective,Meena R.,Closed
CAPA-0005,DEV-0006,BCH-2024-1017,Jackfruit Chips,Line C,2026-07-26 00:00:00,Jul-2026,Supplier Development Action,Supplier notified; incoming lot quarantined; alternative lot sourced,Enhanced environmental monitoring — daily swabs for 30 days post-event,Divya N.,2026-08-02 00:00:00,2026-08-08 00:00:00,13,7,No,Pending Verification,Suresh B.,Open
CAPA-0006,DEV-0007,BCH-2022-0062,Sweet Potato Chips,Line B,2022-04-22 00:00:00,Apr-2022,Immediate Corrective Action,Immediate deep clean conducted; re-swab showed satisfactory result,Training refresher scheduled for all shifts; competency re-assessment within 30 days,Karthik V.,2022-05-06 00:00:00,2022-05-01 00:00:00,9,14,Yes,Effective,Ramesh K.,Closed
CAPA-0007,DEV-0008,BCH-2022-0039,Masala Peanuts,Line C,2022-03-19 00:00:00,Mar-2022,Root Cause Elimination,BMR template revised; mandatory dual-sign-off added for critical entries,HACCP plan reviewed; critical limit tightened by 10%; new alert limit introduced,Meena R.,2022-04-02 00:00:00,2022-03-28 00:00:00,9,14,Yes,Effective,Priya S.,Closed
CAPA-0008,DEV-0009,BCH-2022-0243,Roasted Corn,Line C,2023-02-04 00:00:00,Feb-2023,Preventive Action,PM schedule updated; overdue maintenance completed within 24 hours,Equipment replaced with newer model; IQ/OQ/PQ validation completed,Suresh B.,2023-02-11 00:00:00,2023-02-17 00:00:00,13,7,No,Effective,Anand M.,Closed
CAPA-0009,DEV-0010,BCH-2023-0683,Roasted Corn,Line E,2025-02-01 00:00:00,Jan-2025,Process Improvement,Batch placed on hold; re-test on retained sample; released after confirmation,Supplier qualification review; monthly CoA audit added to incoming QC protocol,Ramesh K.,2025-02-08 00:00:00,2025-02-07 00:00:00,6,7,Yes,Partially Effective,Sagar A.,Closed
CAPA-0010,DEV-0011,BCH-2022-0125,Banana Chips,Line E,2022-07-19 00:00:00,Jul-2022,Supplier Development Action,Equipment recalibrated; verification run conducted before resuming production,Preventive maintenance frequency increased from semi-annual to quarterly,Priya S.,2022-07-26 00:00:00,2022-08-01 00:00:00,13,7,No,Pending Verification,Divya N.,Open
CAPA-0011,DEV-0012,BCH-2024-0994,Okra Chips,Line D,2026-06-16 00:00:00,Jun-2026,Immediate Corrective Action,Analyst retrained on SOP; competency assessment passed,SOP revised with mandatory double-check; training matrix updated for all QC staff,Anand M.,2026-06-30 00:00:00,2026-07-01 00:00:00,15,14,No,Effective,Karthik V.,Closed
CAPA-0012,DEV-0013,BCH-2022-0002,Okra Chips,Line B,2022-01-06 00:00:00,Jan-2022,Root Cause Elimination,Process parameter adjusted; 3 consecutive conforming batches verified,SPC chart implemented for this parameter; daily trending review added,Sagar A.,2022-02-05 00:00:00,2022-02-07 00:00:00,32,30,No,Effective,Meena R.,Closed
CAPA-0013,DEV-0014,BCH-2023-0778,Okra Chips,Line D,2025-07-08 00:00:00,Jul-2025,Preventive Action,Supplier notified; incoming lot quarantined; alternative lot sourced,Enhanced environmental monitoring — daily swabs for 30 days post-event,Divya N.,2025-07-15 00:00:00,2025-07-26 00:00:00,18,7,No,Effective,Suresh B.,Closed
CAPA-0014,DEV-0015,BCH-2024-1006,Sweet Potato Chips,Line D,2026-07-09 00:00:00,Jul-2026,Process Improvement,Immediate deep clean conducted; re-swab showed satisfactory result,Training refresher scheduled for all shifts; competency re-assessment within 30 days,Karthik V.,2026-07-23 00:00:00,2026-07-21 00:00:00,12,14,Yes,Partially Effective,Ramesh K.,Closed
CAPA-0015,DEV-0016,BCH-2023-0495,Masala Peanuts,Line C,2024-03-04 00:00:00,Mar-2024,Supplier Development Action,BMR template revised; mandatory dual-sign-off added for critical entries,HACCP plan reviewed; critical limit tightened by 10%; new alert limit introduced,Meena R.,2024-03-11 00:00:00,2024-03-14 00:00:00,10,7,No,Pending Verification,Priya S.,Open
CAPA-0016,DEV-0017,BCH-2023-0660,Chickpea Snacks,Line F,2024-12-25 00:00:00,Dec-2024,Immediate Corrective Action,PM schedule updated; overdue maintenance completed within 24 hours,Equipment replaced with newer model; IQ/OQ/PQ validation completed,Suresh B.,2025-01-01 00:00:00,2025-01-05 00:00:00,11,7,No,Effective,Anand M.,Closed
CAPA-0017,DEV-0019,BCH-2023-0632,Tapioca Crisps,Line B,2024-10-26 00:00:00,Oct-2024,Root Cause Elimination,Batch placed on hold; re-test on retained sample; released after confirmation,Supplier qualification review; monthly CoA audit added to incoming QC protocol,Ramesh K.,2024-11-09 00:00:00,2024-11-16 00:00:00,21,14,No,Effective,Sagar A.,Closed
CAPA-0018,DEV-0020,BCH-2022-0349,Banana Chips,Line A,2023-07-30 00:00:00,Jul-2023,Preventive Action,Equipment recalibrated; verification run conducted before resuming production,Preventive maintenance frequency increased from semi-annual to quarterly,Priya S.,2023-08-06 00:00:00,2023-08-07 00:00:00,8,7,No,Effective,Divya N.,Closed
CAPA-0019,DEV-0022,BCH-2022-0322,Okra Chips,Line D,2023-06-18 00:00:00,Jun-2023,Process Improvement,Analyst retrained on SOP; competency assessment passed,SOP revised with mandatory double-check; training matrix updated for all QC staff,Anand M.,2023-07-02 00:00:00,2023-07-11 00:00:00,23,14,No,Partially Effective,Karthik V.,Closed
CAPA-0020,DEV-0023,BCH-2022-0120,Tapioca Crisps,Line F,2022-07-10 00:00:00,Jul-2022,Supplier Development Action,Process parameter adjusted; 3 consecutive conforming batches verified,SPC chart implemented for this parameter; daily trending review added,Sagar A.,2022-07-24 00:00:00,2022-07-21 00:00:00,11,14,Yes,Pending Verification,Meena R.,Open
CAPA-0021,DEV-0024,BCH-2023-0697,Jackfruit Chips,Line A,2025-02-18 00:00:00,Feb-2025,Immediate Corrective Action,Supplier notified; incoming lot quarantined; alternative lot sourced,Enhanced environmental monitoring — daily swabs for 30 days post-event,Divya N.,2025-03-04 00:00:00,2025-02-27 00:00:00,9,14,Yes,Effective,Suresh B.,Closed
CAPA-0022,DEV-0026,BCH-2022-0034,Okra Chips,Line D,2022-03-07 00:00:00,Mar-2022,Root Cause Elimination,Immediate deep clean conducted; re-swab showed satisfactory result,Training refresher scheduled for all shifts; competency re-assessment within 30 days,Karthik V.,2022-03-14 00:00:00,2022-03-25 00:00:00,18,7,No,Effective,Ramesh K.,Closed
CAPA-0023,DEV-0027,BCH-2022-0027,Roasted Corn,Line C,2022-02-27 00:00:00,Feb-2022,Preventive Action,BMR template revised; mandatory dual-sign-off added for critical entries,HACCP plan reviewed; critical limit tightened by 10%; new alert limit introduced,Meena R.,2022-03-13 00:00:00,2022-03-18 00:00:00,19,14,No,Effective,Priya S.,Closed
CAPA-0024,DEV-0028,BCH-2024-1150,Sweet Potato Chips,Line D,2027-03-27 00:00:00,Mar-2027,Process Improvement,PM schedule updated; overdue maintenance completed within 24 hours,Equipment replaced with newer model; IQ/OQ/PQ validation completed,Suresh B.,2027-04-10 00:00:00,2027-04-10 00:00:00,14,14,Yes,Partially Effective,Anand M.,Closed
CAPA-0025,DEV-0029,BCH-2022-0007,Masala Peanuts,Line A,2022-01-15 00:00:00,Jan-2022,Supplier Development Action,Batch placed on hold; re-test on retained sample; released after confirmation,Supplier qualification review; monthly CoA audit added to incoming QC protocol,Ramesh K.,2022-02-14 00:00:00,2022-02-10 00:00:00,26,30,Yes,Pending Verification,Sagar A.,Open
CAPA-0026,DEV-0030,BCH-2022-0070,Sweet Potato Chips,Line D,2022-05-02 00:00:00,Apr-2022,Immediate Corrective Action,Equipment recalibrated; verification run conducted before resuming production,Preventive maintenance frequency increased from semi-annual to quarterly,Priya S.,2022-05-09 00:00:00,2022-05-07 00:00:00,5,7,Yes,Effective,Divya N.,Closed
CAPA-0027,DEV-0031,BCH-2024-0898,Okra Chips,Line D,2026-01-19 00:00:00,Jan-2026,Root Cause Elimination,Analyst retrained on SOP; competency assessment passed,SOP revised with mandatory double-check; training matrix updated for all QC staff,Anand M.,2026-01-26 00:00:00,2026-01-24 00:00:00,5,7,Yes,Effective,Karthik V.,Closed
CAPA-0028,DEV-0032,BCH-2024-1033,Jackfruit Chips,Line A,2026-09-04 00:00:00,Sep-2026,Preventive Action,Process parameter adjusted; 3 consecutive conforming batches verified,SPC chart implemented for this parameter; daily trending review added,Sagar A.,2026-09-18 00:00:00,2026-09-18 00:00:00,14,14,Yes,Effective,Meena R.,Closed
CAPA-0029,DEV-0033,BCH-2024-1199,Masala Peanuts,Line E,2027-06-24 00:00:00,Jun-2027,Process Improvement,Supplier notified; incoming lot quarantined; alternative lot sourced,Enhanced environmental monitoring — daily swabs for 30 days post-event,Divya N.,2027-07-08 00:00:00,2027-07-06 00:00:00,12,14,Yes,Partially Effective,Suresh B.,Closed
CAPA-0030,DEV-0034,BCH-2023-0619,Roasted Corn,Line A,2024-10-08 00:00:00,Oct-2024,Supplier Development Action,Immediate deep clean conducted; re-swab showed satisfactory result,Training refresher scheduled for all shifts; competency re-assessment within 30 days,Karthik V.,2024-10-15 00:00:00,2024-10-10 00:00:00,2,7,Yes,Pending Verification,Ramesh K.,Open
CAPA-0031,DEV-0035,BCH-2022-0012,Chickpea Snacks,Line F,2022-01-21 00:00:00,Jan-2022,Immediate Corrective Action,BMR template revised; mandatory dual-sign-off added for critical entries,HACCP plan reviewed; critical limit tightened by 10%; new alert limit introduced,Meena R.,2022-02-04 00:00:00,2022-02-02 00:00:00,12,14,Yes,Effective,Priya S.,Closed
CAPA-0032,DEV-0036,BCH-2022-0182,Sweet Potato Chips,Line B,2022-10-23 00:00:00,Oct-2022,Root Cause Elimination,PM schedule updated; overdue maintenance completed within 24 hours,Equipment replaced with newer model; IQ/OQ/PQ validation completed,Suresh B.,2022-11-06 00:00:00,2022-11-01 00:00:00,9,14,Yes,Effective,Anand M.,Closed
CAPA-0033,DEV-0037,BCH-2023-0755,Roasted Corn,Line E,2025-05-27 00:00:00,May-2025,Preventive Action,Batch placed on hold; re-test on retained sample; released after confirmation,Supplier qualification review; monthly CoA audit added to incoming QC protocol,Ramesh K.,2025-06-26 00:00:00,2025-06-24 00:00:00,28,30,Yes,Effective,Sagar A.,Closed
CAPA-0034,DEV-0038,BCH-2023-0560,Tapioca Crisps,Line B,2024-06-10 00:00:00,Jun-2024,Process Improvement,Equipment recalibrated; verification run conducted before resuming production,Preventive maintenance frequency increased from semi-annual to quarterly,Priya S.,2024-06-24 00:00:00,2024-06-21 00:00:00,11,14,Yes,Partially Effective,Divya N.,Closed
CAPA-0035,DEV-0039,BCH-2023-0563,Roasted Corn,Line E,2024-06-13 00:00:00,Jun-2024,Supplier Development Action,Analyst retrained on SOP; competency assessment passed,SOP revised with mandatory double-check; training matrix updated for all QC staff,Anand M.,2024-06-20 00:00:00,2024-06-17 00:00:00,4,7,Yes,Pending Verification,Karthik V.,Open
CAPA-0036,DEV-0040,BCH-2022-0385,Jackfruit Chips,Line A,2023-09-16 00:00:00,Sep-2023,Immediate Corrective Action,Process parameter adjusted; 3 consecutive conforming batches verified,SPC chart implemented for this parameter; daily trending review added,Sagar A.,2023-09-30 00:00:00,2023-09-28 00:00:00,12,14,Yes,Effective,Meena R.,Closed
CAPA-0037,DEV-0042,BCH-2024-0874,Okra Chips,Line D,2025-12-15 00:00:00,Dec-2025,Root Cause Elimination,Supplier notified; incoming lot quarantined; alternative lot sourced,Enhanced environmental monitoring — daily swabs for 30 days post-event,Divya N.,2025-12-22 00:00:00,2025-12-18 00:00:00,3,7,Yes,Effective,Suresh B.,Closed
CAPA-0038,DEV-0043,BCH-2023-0636,Chickpea Snacks,Line F,2024-11-01 00:00:00,Oct-2024,Preventive Action,Immediate deep clean conducted; re-swab showed satisfactory result,Training refresher scheduled for all shifts; competency re-assessment within 30 days,Karthik V.,2024-11-15 00:00:00,2024-11-12 00:00:00,11,14,Yes,Effective,Ramesh K.,Closed
CAPA-0039,DEV-0044,BCH-2023-0431,Masala Peanuts,Line E,2023-11-24 00:00:00,Nov-2023,Process Improvement,BMR template revised; mandatory dual-sign-off added for critical entries,HACCP plan reviewed; critical limit tightened by 10%; new alert limit introduced,Meena R.,2023-12-08 00:00:00,2023-12-13 00:00:00,19,14,No,Partially Effective,Priya S.,Closed
CAPA-0040,DEV-0045,BCH-2024-1031,Masala Peanuts,Line E,2026-08-25 00:00:00,Aug-2026,Supplier Development Action,PM schedule updated; overdue maintenance completed within 24 hours,Equipment replaced with newer model; IQ/OQ/PQ validation completed,Suresh B.,2026-09-08 00:00:00,2026-09-05 00:00:00,11,14,Yes,Pending Verification,Anand M.,Open
CAPA-0041,DEV-0046,BCH-2023-0493,Banana Chips,Line A,2024-02-27 00:00:00,Feb-2024,Immediate Corrective Action,Batch placed on hold; re-test on retained sample; released after confirmation,Supplier qualification review; monthly CoA audit added to incoming QC protocol,Ramesh K.,2024-03-12 00:00:00,2024-03-11 00:00:00,13,14,Yes,Effective,Sagar A.,Closed
CAPA-0042,DEV-0047,BCH-2023-0817,Jackfruit Chips,Line A,2025-09-14 00:00:00,Sep-2025,Root Cause Elimination,Equipment recalibrated; verification run conducted before resuming production,Preventive maintenance frequency increased from semi-annual to quarterly,Priya S.,2025-09-28 00:00:00,2025-10-06 00:00:00,22,14,No,Effective,Divya N.,Closed
CAPA-0043,DEV-0049,BCH-2024-0919,Masala Peanuts,Line A,2026-02-23 00:00:00,Feb-2026,Preventive Action,Analyst retrained on SOP; competency assessment passed,SOP revised with mandatory double-check; training matrix updated for all QC staff,Anand M.,2026-03-09 00:00:00,2026-03-09 00:00:00,14,14,Yes,Effective,Karthik V.,Closed
CAPA-0044,DEV-0050,BCH-2024-1205,Banana Chips,Line E,2027-07-03 00:00:00,Jul-2027,Process Improvement,Process parameter adjusted; 3 consecutive conforming batches verified,SPC chart implemented for this parameter; daily trending review added,Sagar A.,2027-07-17 00:00:00,2027-07-18 00:00:00,15,14,No,Partially Effective,Meena R.,Closed
CAPA-0045,DEV-0051,BCH-2022-0179,Roasted Corn,Line E,2022-10-18 00:00:00,Oct-2022,Supplier Development Action,Supplier notified; incoming lot quarantined; alternative lot sourced,Enhanced environmental monitoring — daily swabs for 30 days post-event,Divya N.,2022-11-01 00:00:00,2022-10-27 00:00:00,9,14,Yes,Pending Verification,Suresh B.,Open
CAPA-0046,DEV-0052,BCH-2023-0587,Roasted Corn,Line E,2024-08-05 00:00:00,Aug-2024,Immediate Corrective Action,Immediate deep clean conducted; re-swab showed satisfactory result,Training refresher scheduled for all shifts; competency re-assessment within 30 days,Karthik V.,2024-08-19 00:00:00,2024-08-17 00:00:00,12,14,Yes,Effective,Ramesh K.,Closed
CAPA-0047,DEV-0053,BCH-2024-1230,Sweet Potato Chips,Line F,2027-08-12 00:00:00,Aug-2027,Root Cause Elimination,BMR template revised; mandatory dual-sign-off added for critical entries,HACCP plan reviewed; critical limit tightened by 10%; new alert limit introduced,Meena R.,2027-08-26 00:00:00,2027-08-29 00:00:00,17,14,No,Effective,Priya S.,Closed
CAPA-0048,DEV-0054,BCH-2024-1041,Jackfruit Chips,Line C,2026-09-15 00:00:00,Sep-2026,Preventive Action,PM schedule updated; overdue maintenance completed within 24 hours,Equipment replaced with newer model; IQ/OQ/PQ validation completed,Suresh B.,2026-09-29 00:00:00,2026-09-28 00:00:00,13,14,Yes,Effective,Anand M.,Closed
CAPA-0049,DEV-0055,BCH-2022-0319,Masala Peanuts,Line A,2023-06-15 00:00:00,Jun-2023,Process Improvement,Batch placed on hold; re-test on retained sample; released after confirmation,Supplier qualification review; monthly CoA audit added to incoming QC protocol,Ramesh K.,2023-06-22 00:00:00,2023-06-18 00:00:00,3,7,Yes,Partially Effective,Sagar A.,Closed
CAPA-0050,DEV-0056,BCH-2023-0568,Tapioca Crisps,Line D,2024-06-23 00:00:00,Jun-2024,Supplier Development Action,Equipment recalibrated; verification run conducted before resuming production,Preventive maintenance frequency increased from semi-annual to quarterly,Priya S.,2024-07-07 00:00:00,2024-07-07 00:00:00,14,14,Yes,Pending Verification,Divya N.,Open
CAPA-0051,DEV-0057,BCH-2024-1110,Sweet Potato Chips,Line F,2027-01-24 00:00:00,Jan-2027,Immediate Corrective Action,Analyst retrained on SOP; competency assessment passed,SOP revised with mandatory double-check; training matrix updated for all QC staff,Anand M.,2027-02-23 00:00:00,2027-03-01 00:00:00,36,30,No,Effective,Karthik V.,Closed
CAPA-0052,DEV-0058,BCH-2022-0144,Tapioca Crisps,Line F,2022-08-22 00:00:00,Aug-2022,Root Cause Elimination,Process parameter adjusted; 3 consecutive conforming batches verified,SPC chart implemented for this parameter; daily trending review added,Sagar A.,2022-09-05 00:00:00,2022-09-07 00:00:00,16,14,No,Effective,Meena R.,Closed
CAPA-0053,DEV-0060,BCH-2023-0712,Tapioca Crisps,Line D,2025-03-18 00:00:00,Mar-2025,Preventive Action,Supplier notified; incoming lot quarantined; alternative lot sourced,Enhanced environmental monitoring — daily swabs for 30 days post-event,Divya N.,2025-04-01 00:00:00,2025-04-04 00:00:00,17,14,No,Effective,Suresh B.,Closed
CAPA-0054,DEV-0061,BCH-2024-0973,Banana Chips,Line A,2026-05-21 00:00:00,May-2026,Process Improvement,Immediate deep clean conducted; re-swab showed satisfactory result,Training refresher scheduled for all shifts; competency re-assessment within 30 days,Karthik V.,2026-05-28 00:00:00,2026-05-27 00:00:00,6,7,Yes,Partially Effective,Ramesh K.,Closed
CAPA-0055,DEV-0062,BCH-2024-1061,Banana Chips,Line E,2026-10-18 00:00:00,Oct-2026,Supplier Development Action,BMR template revised; mandatory dual-sign-off added for critical entries,HACCP plan reviewed; critical limit tightened by 10%; new alert limit introduced,Meena R.,2026-11-01 00:00:00,2026-10-31 00:00:00,13,14,Yes,Pending Verification,Priya S.,Open
CAPA-0056,DEV-0063,BCH-2023-0612,Chickpea Snacks,Line F,2024-09-21 00:00:00,Sep-2024,Immediate Corrective Action,PM schedule updated; overdue maintenance completed within 24 hours,Equipment replaced with newer model; IQ/OQ/PQ validation completed,Suresh B.,2024-10-21 00:00:00,2024-10-26 00:00:00,35,30,No,Effective,Anand M.,Closed
CAPA-0057,DEV-0064,BCH-2024-0968,Tapioca Crisps,Line B,2026-05-14 00:00:00,May-2026,Root Cause Elimination,Batch placed on hold; re-test on retained sample; released after confirmation,Supplier qualification review; monthly CoA audit added to incoming QC protocol,Ramesh K.,2026-05-28 00:00:00,2026-05-29 00:00:00,15,14,No,Effective,Sagar A.,Closed
CAPA-0058,DEV-0066,BCH-2024-1019,Roasted Corn,Line E,2026-08-03 00:00:00,Aug-2026,Preventive Action,Equipment recalibrated; verification run conducted before resuming production,Preventive maintenance frequency increased from semi-annual to quarterly,Priya S.,2026-08-10 00:00:00,2026-08-10 00:00:00,7,7,Yes,Effective,Divya N.,Closed
CAPA-0059,DEV-0067,BCH-2022-0326,Sweet Potato Chips,Line B,2023-06-23 00:00:00,Jun-2023,Process Improvement,Analyst retrained on SOP; competency assessment passed,SOP revised with mandatory double-check; training matrix updated for all QC staff,Anand M.,2023-07-07 00:00:00,2023-07-15 00:00:00,22,14,No,Partially Effective,Karthik V.,Closed
CAPA-0060,DEV-0068,BCH-2022-0224,Tapioca Crisps,Line B,2023-01-04 00:00:00,Jan-2023,Supplier Development Action,Process parameter adjusted; 3 consecutive conforming batches verified,SPC chart implemented for this parameter; daily trending review added,Sagar A.,2023-01-18 00:00:00,2023-01-17 00:00:00,13,14,Yes,Pending Verification,Meena R.,Open
CAPA-0061,DEV-0069,BCH-2022-0110,Sweet Potato Chips,Line B,2022-06-26 00:00:00,Jun-2022,Immediate Corrective Action,Supplier notified; incoming lot quarantined; alternative lot sourced,Enhanced environmental monitoring — daily swabs for 30 days post-event,Divya N.,2022-07-10 00:00:00,2022-07-08 00:00:00,12,14,Yes,Effective,Suresh B.,Closed
CAPA-0062,DEV-0070,BCH-2024-0906,Okra Chips,Line F,2026-02-05 00:00:00,Feb-2026,Root Cause Elimination,Immediate deep clean conducted; re-swab showed satisfactory result,Training refresher scheduled for all shifts; competency re-assessment within 30 days,Karthik V.,2026-02-12 00:00:00,2026-02-09 00:00:00,4,7,Yes,Effective,Ramesh K.,Closed
CAPA-0063,DEV-0071,BCH-2023-0438,Sweet Potato Chips,Line F,2023-12-08 00:00:00,Dec-2023,Preventive Action,BMR template revised; mandatory dual-sign-off added for critical entries,HACCP plan reviewed; critical limit tightened by 10%; new alert limit introduced,Meena R.,2023-12-22 00:00:00,2023-12-17 00:00:00,9,14,Yes,Effective,Priya S.,Closed
CAPA-0064,DEV-0072,BCH-2023-0559,Masala Peanuts,Line A,2024-06-09 00:00:00,Jun-2024,Process Improvement,PM schedule updated; overdue maintenance completed within 24 hours,Equipment replaced with newer model; IQ/OQ/PQ validation completed,Suresh B.,2024-06-23 00:00:00,2024-06-23 00:00:00,14,14,Yes,Partially Effective,Anand M.,Closed
CAPA-0065,DEV-0073,BCH-2022-0094,Sweet Potato Chips,Line D,2022-05-30 00:00:00,May-2022,Supplier Development Action,Batch placed on hold; re-test on retained sample; released after confirmation,Supplier qualification review; monthly CoA audit added to incoming QC protocol,Ramesh K.,2022-06-13 00:00:00,2022-06-18 00:00:00,19,14,No,Pending Verification,Sagar A.,Open
CAPA-0066,DEV-0074,BCH-2022-0268,Chickpea Snacks,Line D,2023-03-20 00:00:00,Mar-2023,Immediate Corrective Action,Equipment recalibrated; verification run conducted before resuming production,Preventive maintenance frequency increased from semi-annual to quarterly,Priya S.,2023-04-03 00:00:00,2023-04-05 00:00:00,16,14,No,Effective,Divya N.,Closed
CAPA-0067,DEV-0075,BCH-2023-0837,Banana Chips,Line C,2025-10-17 00:00:00,Oct-2025,Root Cause Elimination,Analyst retrained on SOP; competency assessment passed,SOP revised with mandatory double-check; training matrix updated for all QC staff,Anand M.,2025-10-31 00:00:00,2025-10-30 00:00:00,13,14,Yes,Effective,Karthik V.,Closed
CAPA-0068,DEV-0076,BCH-2023-0669,Banana Chips,Line C,2025-01-11 00:00:00,Jan-2025,Preventive Action,Process parameter adjusted; 3 consecutive conforming batches verified,SPC chart implemented for this parameter; daily trending review added,Sagar A.,2025-01-25 00:00:00,2025-01-27 00:00:00,16,14,No,Effective,Meena R.,Closed
CAPA-0069,DEV-0077,BCH-2023-0756,Chickpea Snacks,Line F,2025-05-28 00:00:00,May-2025,Process Improvement,Supplier notified; incoming lot quarantined; alternative lot sourced,Enhanced environmental monitoring — daily swabs for 30 days post-event,Divya N.,2025-06-11 00:00:00,2025-06-09 00:00:00,12,14,Yes,Partially Effective,Suresh B.,Closed
CAPA-0070,DEV-0079,BCH-2024-0945,Jackfruit Chips,Line C,2026-04-06 00:00:00,Apr-2026,Supplier Development Action,Immediate deep clean conducted; re-swab showed satisfactory result,Training refresher scheduled for all shifts; competency re-assessment within 30 days,Karthik V.,2026-05-06 00:00:00,2026-05-08 00:00:00,32,30,No,Pending Verification,Ramesh K.,Open
CAPA-0071,DEV-0080,BCH-2024-1113,Jackfruit Chips,Line C,2027-01-27 00:00:00,Jan-2027,Immediate Corrective Action,BMR template revised; mandatory dual-sign-off added for critical entries,HACCP plan reviewed; critical limit tightened by 10%; new alert limit introduced,Meena R.,2027-02-10 00:00:00,2027-02-07 00:00:00,11,14,Yes,Effective,Priya S.,Closed
CAPA-0072,DEV-0081,BCH-2023-0656,Tapioca Crisps,Line B,2024-12-06 00:00:00,Dec-2024,Root Cause Elimination,PM schedule updated; overdue maintenance completed within 24 hours,Equipment replaced with newer model; IQ/OQ/PQ validation completed,Suresh B.,2024-12-20 00:00:00,2024-12-16 00:00:00,10,14,Yes,Effective,Anand M.,Closed
CAPA-0073,DEV-0082,BCH-2024-1023,Masala Peanuts,Line C,2026-08-15 00:00:00,Aug-2026,Preventive Action,Batch placed on hold; re-test on retained sample; released after confirmation,Supplier qualification review; monthly CoA audit added to incoming QC protocol,Ramesh K.,2026-08-29 00:00:00,2026-09-05 00:00:00,21,14,No,Effective,Sagar A.,Closed
CAPA-0074,DEV-0083,BCH-2023-0582,Sweet Potato Chips,Line F,2024-07-29 00:00:00,Jul-2024,Process Improvement,Equipment recalibrated; verification run conducted before resuming production,Preventive maintenance frequency increased from semi-annual to quarterly,Priya S.,2024-08-12 00:00:00,2024-08-07 00:00:00,9,14,Yes,Partially Effective,Divya N.,Closed
CAPA-0075,DEV-0084,BCH-2022-0095,Masala Peanuts,Line E,2022-05-31 00:00:00,May-2022,Supplier Development Action,Analyst retrained on SOP; competency assessment passed,SOP revised with mandatory double-check; training matrix updated for all QC staff,Anand M.,2022-06-14 00:00:00,2022-06-09 00:00:00,9,14,Yes,Pending Verification,Karthik V.,Open
CAPA-0076,DEV-0085,BCH-2024-1068,Chickpea Snacks,Line F,2026-11-04 00:00:00,Nov-2026,Immediate Corrective Action,Process parameter adjusted; 3 consecutive conforming batches verified,SPC chart implemented for this parameter; daily trending review added,Sagar A.,2026-11-18 00:00:00,2026-11-20 00:00:00,16,14,No,Effective,Meena R.,Closed
CAPA-0077,DEV-0086,BCH-2024-0950,Sweet Potato Chips,Line B,2026-04-12 00:00:00,Apr-2026,Root Cause Elimination,Supplier notified; incoming lot quarantined; alternative lot sourced,Enhanced environmental monitoring — daily swabs for 30 days post-event,Divya N.,2026-05-12 00:00:00,2026-05-16 00:00:00,34,30,No,Effective,Suresh B.,Closed
CAPA-0078,DEV-0087,BCH-2024-0933,Banana Chips,Line C,2026-03-12 00:00:00,Mar-2026,Preventive Action,Immediate deep clean conducted; re-swab showed satisfactory result,Training refresher scheduled for all shifts; competency re-assessment within 30 days,Karthik V.,2026-04-11 00:00:00,2026-04-20 00:00:00,39,30,No,Effective,Ramesh K.,Closed
CAPA-0079,DEV-0088,BCH-2024-1106,Okra Chips,Line B,2027-01-16 00:00:00,Jan-2027,Process Improvement,BMR template revised; mandatory dual-sign-off added for critical entries,HACCP plan reviewed; critical limit tightened by 10%; new alert limit introduced,Meena R.,2027-02-15 00:00:00,2027-02-19 00:00:00,34,30,No,Partially Effective,Priya S.,Closed
CAPA-0080,DEV-0089,BCH-2022-0101,Banana Chips,Line E,2022-06-13 00:00:00,Jun-2022,Supplier Development Action,PM schedule updated; overdue maintenance completed within 24 hours,Equipment replaced with newer model; IQ/OQ/PQ validation completed,Suresh B.,2022-06-27 00:00:00,2022-06-27 00:00:00,14,14,Yes,Pending Verification,Anand M.,Open
CAPA-0081,DEV-0090,BCH-2022-0244,Chickpea Snacks,Line D,2023-02-05 00:00:00,Feb-2023,Immediate Corrective Action,Batch placed on hold; re-test on retained sample; released after confirmation,Supplier qualification review; monthly CoA audit added to incoming QC protocol,Ramesh K.,2023-03-07 00:00:00,2023-03-14 00:00:00,37,30,No,Effective,Sagar A.,Closed
CAPA-0082,DEV-0091,BCH-2023-0809,Jackfruit Chips,Line E,2025-09-02 00:00:00,Aug-2025,Root Cause Elimination,Equipment recalibrated; verification run conducted before resuming production,Preventive maintenance frequency increased from semi-annual to quarterly,Priya S.,2025-09-16 00:00:00,2025-09-14 00:00:00,12,14,Yes,Effective,Divya N.,Closed
CAPA-0083,DEV-0092,BCH-2023-0630,Sweet Potato Chips,Line F,2024-10-24 00:00:00,Oct-2024,Preventive Action,Analyst retrained on SOP; competency assessment passed,SOP revised with mandatory double-check; training matrix updated for all QC staff,Anand M.,2024-11-07 00:00:00,2024-11-17 00:00:00,24,14,No,Effective,Karthik V.,Closed
CAPA-0084,DEV-0093,BCH-2024-1247,Masala Peanuts,Line E,2027-09-19 00:00:00,Sep-2027,Process Improvement,Process parameter adjusted; 3 consecutive conforming batches verified,SPC chart implemented for this parameter; daily trending review added,Sagar A.,2027-10-03 00:00:00,2027-09-30 00:00:00,11,14,Yes,Partially Effective,Meena R.,Closed
CAPA-0085,DEV-0094,BCH-2022-0133,Banana Chips,Line A,2022-08-07 00:00:00,Aug-2022,Supplier Development Action,Supplier notified; incoming lot quarantined; alternative lot sourced,Enhanced environmental monitoring — daily swabs for 30 days post-event,Divya N.,2022-09-06 00:00:00,2022-09-08 00:00:00,32,30,No,Pending Verification,Suresh B.,Open
CAPA-0086,DEV-0095,BCH-2023-0421,Banana Chips,Line A,2023-11-10 00:00:00,Nov-2023,Immediate Corrective Action,Immediate deep clean conducted; re-swab showed satisfactory result,Training refresher scheduled for all shifts; competency re-assessment within 30 days,Karthik V.,2023-11-24 00:00:00,2023-11-25 00:00:00,15,14,No,Effective,Ramesh K.,Closed
CAPA-0087,DEV-0096,BCH-2023-0790,Sweet Potato Chips,Line D,2025-07-27 00:00:00,Jul-2025,Root Cause Elimination,BMR template revised; mandatory dual-sign-off added for critical entries,HACCP plan reviewed; critical limit tightened by 10%; new alert limit introduced,Meena R.,2025-08-03 00:00:00,2025-08-07 00:00:00,11,7,No,Effective,Priya S.,Closed
CAPA-0088,DEV-0097,BCH-2023-0439,Masala Peanuts,Line A,2023-12-11 00:00:00,Dec-2023,Preventive Action,PM schedule updated; overdue maintenance completed within 24 hours,Equipment replaced with newer model; IQ/OQ/PQ validation completed,Suresh B.,2023-12-25 00:00:00,2024-01-05 00:00:00,25,14,No,Effective,Anand M.,Closed
CAPA-0089,DEV-0098,BCH-2023-0565,Banana Chips,Line A,2024-06-19 00:00:00,Jun-2024,Process Improvement,Batch placed on hold; re-test on retained sample; released after confirmation,Supplier qualification review; monthly CoA audit added to incoming QC protocol,Ramesh K.,2024-07-03 00:00:00,2024-07-09 00:00:00,20,14,No,Partially Effective,Sagar A.,Closed
CAPA-0090,DEV-0099,BCH-2024-1119,Masala Peanuts,Line C,2027-02-06 00:00:00,Feb-2027,Supplier Development Action,Equipment recalibrated; verification run conducted before resuming production,Preventive maintenance frequency increased from semi-annual to quarterly,Priya S.,2027-02-20 00:00:00,2027-02-26 00:00:00,20,14,No,Pending Verification,Divya N.,Open
CAPA-0091,DEV-0100,BCH-2023-0834,Okra Chips,Line F,2025-10-12 00:00:00,Oct-2025,Immediate Corrective Action,Analyst retrained on SOP; competency assessment passed,SOP revised with mandatory double-check; training matrix updated for all QC staff,Anand M.,2025-11-11 00:00:00,2025-11-15 00:00:00,34,30,No,Effective,Karthik V.,Closed
CAPA-0092,DEV-0101,BCH-2023-0591,Masala Peanuts,Line C,2024-08-12 00:00:00,Aug-2024,Root Cause Elimination,Process parameter adjusted; 3 consecutive conforming batches verified,SPC chart implemented for this parameter; daily trending review added,Sagar A.,2024-08-26 00:00:00,2024-08-23 00:00:00,11,14,Yes,Effective,Meena R.,Closed
CAPA-0093,DEV-0102,BCH-2023-0811,Roasted Corn,Line A,2025-09-04 00:00:00,Sep-2025,Preventive Action,Supplier notified; incoming lot quarantined; alternative lot sourced,Enhanced environmental monitoring — daily swabs for 30 days post-event,Divya N.,2025-09-18 00:00:00,2025-09-25 00:00:00,21,14,No,Effective,Suresh B.,Closed
CAPA-0094,DEV-0103,BCH-2022-0221,Banana Chips,Line E,2022-12-28 00:00:00,Dec-2022,Process Improvement,Immediate deep clean conducted; re-swab showed satisfactory result,Training refresher scheduled for all shifts; competency re-assessment within 30 days,Karthik V.,2023-01-11 00:00:00,2023-01-09 00:00:00,12,14,Yes,Partially Effective,Ramesh K.,Closed
CAPA-0095,DEV-0104,BCH-2024-1137,Jackfruit Chips,Line C,2027-03-06 00:00:00,Mar-2027,Supplier Development Action,BMR template revised; mandatory dual-sign-off added for critical entries,HACCP plan reviewed; critical limit tightened by 10%; new alert limit introduced,Meena R.,2027-03-20 00:00:00,2027-03-16 00:00:00,10,14,Yes,Pending Verification,Priya S.,Open
CAPA-0096,DEV-0105,BCH-2024-1182,Sweet Potato Chips,Line F,2027-05-21 00:00:00,May-2027,Immediate Corrective Action,PM schedule updated; overdue maintenance completed within 24 hours,Equipment replaced with newer model; IQ/OQ/PQ validation completed,Suresh B.,2027-06-04 00:00:00,2027-06-01 00:00:00,11,14,Yes,Effective,Anand M.,Closed
CAPA-0097,DEV-0106,BCH-2024-1024,Tapioca Crisps,Line D,2026-08-16 00:00:00,Aug-2026,Root Cause Elimination,Batch placed on hold; re-test on retained sample; released after confirmation,Supplier qualification review; monthly CoA audit added to incoming QC protocol,Ramesh K.,2026-08-30 00:00:00,2026-08-28 00:00:00,12,14,Yes,Effective,Sagar A.,Closed
CAPA-0098,DEV-0107,BCH-2022-0384,Tapioca Crisps,Line F,2023-09-15 00:00:00,Sep-2023,Preventive Action,Equipment recalibrated; verification run conducted before resuming production,Preventive maintenance frequency increased from semi-annual to quarterly,Priya S.,2023-10-15 00:00:00,2023-10-21 00:00:00,36,30,No,Effective,Divya N.,Closed
CAPA-0099,DEV-0108,BCH-2024-0935,Masala Peanuts,Line E,2026-03-20 00:00:00,Mar-2026,Process Improvement,Analyst retrained on SOP; competency assessment passed,SOP revised with mandatory double-check; training matrix updated for all QC staff,Anand M.,2026-04-03 00:00:00,2026-04-06 00:00:00,17,14,No,Partially Effective,Karthik V.,Closed
CAPA-0100,DEV-0109,BCH-2024-1154,Okra Chips,Line B,2027-04-05 00:00:00,Apr-2027,Supplier Development Action,Process parameter adjusted; 3 consecutive conforming batches verified,SPC chart implemented for this parameter; daily trending review added,Sagar A.,2027-04-19 00:00:00,2027-04-20 00:00:00,15,14,No,Pending Verification,Meena R.,Open
CAPA-0101,DEV-0110,BCH-2024-1225,Jackfruit Chips,Line A,2027-07-30 00:00:00,Jul-2027,Immediate Corrective Action,Supplier notified; incoming lot quarantined; alternative lot sourced,Enhanced environmental monitoring — daily swabs for 30 days post-event,Divya N.,2027-08-29 00:00:00,2027-09-02 00:00:00,34,30,No,Effective,Suresh B.,Closed
CAPA-0102,DEV-0111,BCH-2023-0556,Chickpea Snacks,Line D,2024-06-04 00:00:00,Jun-2024,Root Cause Elimination,Immediate deep clean conducted; re-swab showed satisfactory result,Training refresher scheduled for all shifts; competency re-assessment within 30 days,Karthik V.,2024-06-18 00:00:00,2024-06-14 00:00:00,10,14,Yes,Effective,Ramesh K.,Closed
CAPA-0103,DEV-0112,BCH-2023-0589,Banana Chips,Line A,2024-08-08 00:00:00,Aug-2024,Preventive Action,BMR template revised; mandatory dual-sign-off added for critical entries,HACCP plan reviewed; critical limit tightened by 10%; new alert limit introduced,Meena R.,2024-08-22 00:00:00,2024-08-19 00:00:00,11,14,Yes,Effective,Priya S.,Closed
CAPA-0104,DEV-0113,BCH-2022-0261,Banana Chips,Line C,2023-03-07 00:00:00,Mar-2023,Process Improvement,PM schedule updated; overdue maintenance completed within 24 hours,Equipment replaced with newer model; IQ/OQ/PQ validation completed,Suresh B.,2023-03-21 00:00:00,2023-03-24 00:00:00,17,14,No,Partially Effective,Anand M.,Closed
CAPA-0105,DEV-0114,BCH-2023-0649,Jackfruit Chips,Line A,2024-11-22 00:00:00,Nov-2024,Supplier Development Action,Batch placed on hold; re-test on retained sample; released after confirmation,Supplier qualification review; monthly CoA audit added to incoming QC protocol,Ramesh K.,2024-11-29 00:00:00,2024-12-06 00:00:00,14,7,No,Pending Verification,Sagar A.,Open
CAPA-0106,DEV-0115,BCH-2023-0750,Sweet Potato Chips,Line F,2025-05-18 00:00:00,May-2025,Immediate Corrective Action,Equipment recalibrated; verification run conducted before resuming production,Preventive maintenance frequency increased from semi-annual to quarterly,Priya S.,2025-06-17 00:00:00,2025-06-14 00:00:00,27,30,Yes,Effective,Divya N.,Closed
CAPA-0107,DEV-0116,BCH-2024-1184,Tapioca Crisps,Line B,2027-05-25 00:00:00,May-2027,Root Cause Elimination,Analyst retrained on SOP; competency assessment passed,SOP revised with mandatory double-check; training matrix updated for all QC staff,Anand M.,2027-06-08 00:00:00,2027-06-09 00:00:00,15,14,No,Effective,Karthik V.,Closed
CAPA-0108,DEV-0117,BCH-2022-0372,Chickpea Snacks,Line F,2023-08-24 00:00:00,Aug-2023,Preventive Action,Process parameter adjusted; 3 consecutive conforming batches verified,SPC chart implemented for this parameter; daily trending review added,Sagar A.,2023-08-31 00:00:00,2023-09-02 00:00:00,9,7,No,Effective,Meena R.,Closed
CAPA-0109,DEV-0118,BCH-2022-0064,Tapioca Crisps,Line D,2022-04-24 00:00:00,Apr-2022,Process Improvement,Supplier notified; incoming lot quarantined; alternative lot sourced,Enhanced environmental monitoring — daily swabs for 30 days post-event,Divya N.,2022-05-08 00:00:00,2022-05-04 00:00:00,10,14,Yes,Partially Effective,Suresh B.,Closed
CAPA-0110,DEV-0120,BCH-2024-1224,Tapioca Crisps,Line F,2027-07-28 00:00:00,Jul-2027,Supplier Development Action,Immediate deep clean conducted; re-swab showed satisfactory result,Training refresher scheduled for all shifts; competency re-assessment within 30 days,Karthik V.,2027-08-11 00:00:00,2027-08-11 00:00:00,14,14,Yes,Pending Verification,Ramesh K.,Open
CAPA-0111,DEV-0123,BCH-2023-0678,Sweet Potato Chips,Line F,2025-01-25 00:00:00,Jan-2025,Immediate Corrective Action,BMR template revised; mandatory dual-sign-off added for critical entries,HACCP plan reviewed; critical limit tightened by 10%; new alert limit introduced,Meena R.,2025-02-08 00:00:00,2025-02-13 00:00:00,19,14,No,Effective,Priya S.,Closed
CAPA-0112,DEV-0124,BCH-2022-0328,Tapioca Crisps,Line D,2023-06-27 00:00:00,Jun-2023,Root Cause Elimination,PM schedule updated; overdue maintenance completed within 24 hours,Equipment replaced with newer model; IQ/OQ/PQ validation completed,Suresh B.,2023-07-04 00:00:00,2023-07-13 00:00:00,16,7,No,Effective,Anand M.,Closed
CAPA-0113,DEV-0125,BCH-2024-1047,Masala Peanuts,Line C,2026-09-22 00:00:00,Sep-2026,Preventive Action,Batch placed on hold; re-test on retained sample; released after confirmation,Supplier qualification review; monthly CoA audit added to incoming QC protocol,Ramesh K.,2026-10-06 00:00:00,2026-10-09 00:00:00,17,14,No,Effective,Sagar A.,Closed
CAPA-0114,DEV-0127,BCH-2024-1177,Jackfruit Chips,Line A,2027-05-14 00:00:00,May-2027,Process Improvement,Equipment recalibrated; verification run conducted before resuming production,Preventive maintenance frequency increased from semi-annual to quarterly,Priya S.,2027-06-13 00:00:00,2027-06-17 00:00:00,34,30,No,Partially Effective,Divya N.,Closed
CAPA-0115,DEV-0128,BCH-2022-0409,Jackfruit Chips,Line A,2023-10-21 00:00:00,Oct-2023,Supplier Development Action,Analyst retrained on SOP; competency assessment passed,SOP revised with mandatory double-check; training matrix updated for all QC staff,Anand M.,2023-11-04 00:00:00,2023-11-08 00:00:00,18,14,No,Pending Verification,Karthik V.,Open
CAPA-0116,DEV-0129,BCH-2023-0460,Chickpea Snacks,Line D,2024-01-11 00:00:00,Jan-2024,Immediate Corrective Action,Process parameter adjusted; 3 consecutive conforming batches verified,SPC chart implemented for this parameter; daily trending review added,Sagar A.,2024-01-25 00:00:00,2024-01-22 00:00:00,11,14,Yes,Effective,Meena R.,Closed
CAPA-0117,DEV-0131,BCH-2022-0272,Tapioca Crisps,Line B,2023-03-25 00:00:00,Mar-2023,Root Cause Elimination,Supplier notified; incoming lot quarantined; alternative lot sourced,Enhanced environmental monitoring — daily swabs for 30 days post-event,Divya N.,2023-04-08 00:00:00,2023-04-03 00:00:00,9,14,Yes,Effective,Suresh B.,Closed
CAPA-0118,DEV-0132,BCH-2023-0600,Tapioca Crisps,Line F,2024-09-03 00:00:00,Sep-2024,Preventive Action,Immediate deep clean conducted; re-swab showed satisfactory result,Training refresher scheduled for all shifts; competency re-assessment within 30 days,Karthik V.,2024-09-17 00:00:00,2024-09-15 00:00:00,12,14,Yes,Effective,Ramesh K.,Closed
CAPA-0119,DEV-0133,BCH-2022-0123,Roasted Corn,Line C,2022-07-17 00:00:00,Jul-2022,Process Improvement,BMR template revised; mandatory dual-sign-off added for critical entries,HACCP plan reviewed; critical limit tightened by 10%; new alert limit introduced,Meena R.,2022-07-31 00:00:00,2022-08-06 00:00:00,20,14,No,Partially Effective,Priya S.,Closed
CAPA-0120,DEV-0134,BCH-2024-0861,Banana Chips,Line C,2025-11-26 00:00:00,Nov-2025,Supplier Development Action,PM schedule updated; overdue maintenance completed within 24 hours,Equipment replaced with newer model; IQ/OQ/PQ validation completed,Suresh B.,2025-12-03 00:00:00,2025-12-05 00:00:00,9,7,No,Pending Verification,Anand M.,Open
CAPA-0121,DEV-0135,BCH-2022-0318,Sweet Potato Chips,Line F,2023-06-12 00:00:00,Jun-2023,Immediate Corrective Action,Batch placed on hold; re-test on retained sample; released after confirmation,Supplier qualification review; monthly CoA audit added to incoming QC protocol,Ramesh K.,2023-06-19 00:00:00,2023-06-22 00:00:00,10,7,No,Effective,Sagar A.,Closed
CAPA-0122,DEV-0136,BCH-2024-1165,Banana Chips,Line A,2027-04-28 00:00:00,Apr-2027,Root Cause Elimination,Equipment recalibrated; verification run conducted before resuming production,Preventive maintenance frequency increased from semi-annual to quarterly,Priya S.,2027-05-12 00:00:00,2027-05-09 00:00:00,11,14,Yes,Effective,Divya N.,Closed
CAPA-0123,DEV-0137,BCH-2023-0622,Sweet Potato Chips,Line D,2024-10-12 00:00:00,Oct-2024,Preventive Action,Analyst retrained on SOP; competency assessment passed,SOP revised with mandatory double-check; training matrix updated for all QC staff,Anand M.,2024-11-11 00:00:00,2024-11-20 00:00:00,39,30,No,Effective,Karthik V.,Closed
CAPA-0124,DEV-0138,BCH-2024-1095,Masala Peanuts,Line C,2026-12-25 00:00:00,Dec-2026,Process Improvement,Process parameter adjusted; 3 consecutive conforming batches verified,SPC chart implemented for this parameter; daily trending review added,Sagar A.,2027-01-24 00:00:00,2027-01-23 00:00:00,29,30,Yes,Partially Effective,Meena R.,Closed
CAPA-0125,DEV-0139,BCH-2022-0163,Roasted Corn,Line A,2022-09-18 00:00:00,Sep-2022,Supplier Development Action,Supplier notified; incoming lot quarantined; alternative lot sourced,Enhanced environmental monitoring — daily swabs for 30 days post-event,Divya N.,2022-10-02 00:00:00,2022-10-01 00:00:00,13,14,Yes,Pending Verification,Suresh B.,Open
CAPA-0126,DEV-0140,BCH-2024-1014,Sweet Potato Chips,Line F,2026-07-21 00:00:00,Jul-2026,Immediate Corrective Action,Immediate deep clean conducted; re-swab showed satisfactory result,Training refresher scheduled for all shifts; competency re-assessment within 30 days,Karthik V.,2026-08-04 00:00:00,2026-08-10 00:00:00,20,14,No,Effective,Ramesh K.,Closed
CAPA-0127,DEV-0141,BCH-2022-0213,Banana Chips,Line C,2022-12-20 00:00:00,Dec-2022,Root Cause Elimination,BMR template revised; mandatory dual-sign-off added for critical entries,HACCP plan reviewed; critical limit tightened by 10%; new alert limit introduced,Meena R.,2022-12-27 00:00:00,2022-12-24 00:00:00,4,7,Yes,Effective,Priya S.,Closed
CAPA-0128,DEV-0142,BCH-2022-0016,Tapioca Crisps,Line D,2022-01-31 00:00:00,Jan-2022,Preventive Action,PM schedule updated; overdue maintenance completed within 24 hours,Equipment replaced with newer model; IQ/OQ/PQ validation completed,Suresh B.,2022-02-07 00:00:00,2022-02-04 00:00:00,4,7,Yes,Effective,Anand M.,Closed
CAPA-0129,DEV-0143,BCH-2023-0772,Chickpea Snacks,Line D,2025-06-21 00:00:00,Jun-2025,Process Improvement,Batch placed on hold; re-test on retained sample; released after confirmation,Supplier qualification review; monthly CoA audit added to incoming QC protocol,Ramesh K.,2025-07-05 00:00:00,2025-07-11 00:00:00,20,14,No,Partially Effective,Sagar A.,Closed
CAPA-0130,DEV-0144,BCH-2024-1105,Jackfruit Chips,Line A,2027-01-15 00:00:00,Jan-2027,Supplier Development Action,Equipment recalibrated; verification run conducted before resuming production,Preventive maintenance frequency increased from semi-annual to quarterly,Priya S.,2027-01-22 00:00:00,2027-01-22 00:00:00,7,7,Yes,Pending Verification,Divya N.,Open
CAPA-0131,DEV-0145,BCH-2022-0222,Sweet Potato Chips,Line F,2022-12-29 00:00:00,Dec-2022,Immediate Corrective Action,Analyst retrained on SOP; competency assessment passed,SOP revised with mandatory double-check; training matrix updated for all QC staff,Anand M.,2023-01-12 00:00:00,2023-01-11 00:00:00,13,14,Yes,Effective,Karthik V.,Closed
CAPA-0132,DEV-0146,BCH-2024-1059,Roasted Corn,Line C,2026-10-16 00:00:00,Oct-2026,Root Cause Elimination,Process parameter adjusted; 3 consecutive conforming batches verified,SPC chart implemented for this parameter; daily trending review added,Sagar A.,2026-10-30 00:00:00,2026-10-28 00:00:00,12,14,Yes,Effective,Meena R.,Closed
CAPA-0133,DEV-0147,BCH-2022-0368,Tapioca Crisps,Line B,2023-08-20 00:00:00,Aug-2023,Preventive Action,Supplier notified; incoming lot quarantined; alternative lot sourced,Enhanced environmental monitoring — daily swabs for 30 days post-event,Divya N.,2023-08-27 00:00:00,2023-08-28 00:00:00,8,7,No,Effective,Suresh B.,Closed
CAPA-0134,DEV-0148,BCH-2022-0015,Masala Peanuts,Line C,2022-01-30 00:00:00,Jan-2022,Process Improvement,Immediate deep clean conducted; re-swab showed satisfactory result,Training refresher scheduled for all shifts; competency re-assessment within 30 days,Karthik V.,2022-02-13 00:00:00,2022-02-08 00:00:00,9,14,Yes,Partially Effective,Ramesh K.,Closed
CAPA-0135,DEV-0149,BCH-2023-0508,Chickpea Snacks,Line D,2024-03-25 00:00:00,Mar-2024,Supplier Development Action,BMR template revised; mandatory dual-sign-off added for critical entries,HACCP plan reviewed; critical limit tightened by 10%; new alert limit introduced,Meena R.,2024-04-08 00:00:00,2024-04-03 00:00:00,9,14,Yes,Pending Verification,Priya S.,Open
CAPA-0136,DEV-0150,BCH-2024-1000,Tapioca Crisps,Line D,2026-07-01 00:00:00,Jun-2026,Immediate Corrective Action,PM schedule updated; overdue maintenance completed within 24 hours,Equipment replaced with newer model; IQ/OQ/PQ validation completed,Suresh B.,2026-07-15 00:00:00,2026-07-10 00:00:00,9,14,Yes,Effective,Anand M.,Closed
CAPA-0137,DEV-0151,BCH-2022-0332,Chickpea Snacks,Line B,2023-07-02 00:00:00,Jun-2023,Root Cause Elimination,Batch placed on hold; re-test on retained sample; released after confirmation,Supplier qualification review; monthly CoA audit added to incoming QC protocol,Ramesh K.,2023-08-01 00:00:00,2023-08-01 00:00:00,30,30,Yes,Effective,Sagar A.,Closed
CAPA-0138,DEV-0152,BCH-2023-0551,Masala Peanuts,Line E,2024-05-28 00:00:00,May-2024,Preventive Action,Equipment recalibrated; verification run conducted before resuming production,Preventive maintenance frequency increased from semi-annual to quarterly,Priya S.,2024-06-11 00:00:00,2024-06-14 00:00:00,17,14,No,Effective,Divya N.,Closed
CAPA-0139,DEV-0153,BCH-2023-0839,Masala Peanuts,Line E,2025-10-20 00:00:00,Oct-2025,Process Improvement,Analyst retrained on SOP; competency assessment passed,SOP revised with mandatory double-check; training matrix updated for all QC staff,Anand M.,2025-11-03 00:00:00,2025-10-31 00:00:00,11,14,Yes,Partially Effective,Karthik V.,Closed
CAPA-0140,DEV-0154,BCH-2024-1046,Sweet Potato Chips,Line B,2026-09-21 00:00:00,Sep-2026,Supplier Development Action,Process parameter adjusted; 3 consecutive conforming batches verified,SPC chart implemented for this parameter; daily trending review added,Sagar A.,2026-10-05 00:00:00,2026-10-11 00:00:00,20,14,No,Pending Verification,Meena R.,Open
CAPA-0141,DEV-0155,BCH-2024-1222,Sweet Potato Chips,Line D,2027-07-26 00:00:00,Jul-2027,Immediate Corrective Action,Supplier notified; incoming lot quarantined; alternative lot sourced,Enhanced environmental monitoring — daily swabs for 30 days post-event,Divya N.,2027-08-09 00:00:00,2027-08-17 00:00:00,22,14,No,Effective,Suresh B.,Closed
CAPA-0142,DEV-0156,BCH-2023-0673,Jackfruit Chips,Line A,2025-01-15 00:00:00,Jan-2025,Root Cause Elimination,Immediate deep clean conducted; re-swab showed satisfactory result,Training refresher scheduled for all shifts; competency re-assessment within 30 days,Karthik V.,2025-01-29 00:00:00,2025-01-30 00:00:00,15,14,No,Effective,Ramesh K.,Closed
CAPA-0143,DEV-0157,BCH-2022-0325,Banana Chips,Line A,2023-06-22 00:00:00,Jun-2023,Preventive Action,BMR template revised; mandatory dual-sign-off added for critical entries,HACCP plan reviewed; critical limit tightened by 10%; new alert limit introduced,Meena R.,2023-06-29 00:00:00,2023-06-26 00:00:00,4,7,Yes,Effective,Priya S.,Closed
CAPA-0144,DEV-0158,BCH-2023-0520,Tapioca Crisps,Line D,2024-04-18 00:00:00,Apr-2024,Process Improvement,PM schedule updated; overdue maintenance completed within 24 hours,Equipment replaced with newer model; IQ/OQ/PQ validation completed,Suresh B.,2024-05-18 00:00:00,2024-05-13 00:00:00,25,30,Yes,Partially Effective,Anand M.,Closed
CAPA-0145,DEV-0159,BCH-2023-0714,Okra Chips,Line F,2025-03-25 00:00:00,Mar-2025,Supplier Development Action,Batch placed on hold; re-test on retained sample; released after confirmation,Supplier qualification review; monthly CoA audit added to incoming QC protocol,Ramesh K.,2025-04-08 00:00:00,2025-04-10 00:00:00,16,14,No,Pending Verification,Sagar A.,Open
CAPA-0146,DEV-0160,BCH-2024-1038,Sweet Potato Chips,Line F,2026-09-11 00:00:00,Sep-2026,Immediate Corrective Action,Equipment recalibrated; verification run conducted before resuming production,Preventive maintenance frequency increased from semi-annual to quarterly,Priya S.,2026-09-25 00:00:00,2026-09-22 00:00:00,11,14,Yes,Effective,Divya N.,Closed
CAPA-0147,DEV-0161,BCH-2024-0989,Banana Chips,Line E,2026-06-11 00:00:00,Jun-2026,Root Cause Elimination,Analyst retrained on SOP; competency assessment passed,SOP revised with mandatory double-check; training matrix updated for all QC staff,Anand M.,2026-06-18 00:00:00,2026-06-25 00:00:00,14,7,No,Effective,Karthik V.,Closed
CAPA-0148,DEV-0162,BCH-2024-1102,Sweet Potato Chips,Line D,2027-01-08 00:00:00,Jan-2027,Preventive Action,Process parameter adjusted; 3 consecutive conforming batches verified,SPC chart implemented for this parameter; daily trending review added,Sagar A.,2027-01-22 00:00:00,2027-01-28 00:00:00,20,14,No,Effective,Meena R.,Closed
CAPA-0149,DEV-0163,BCH-2022-0228,Chickpea Snacks,Line F,2023-01-16 00:00:00,Jan-2023,Process Improvement,Supplier notified; incoming lot quarantined; alternative lot sourced,Enhanced environmental monitoring — daily swabs for 30 days post-event,Divya N.,2023-02-15 00:00:00,2023-02-20 00:00:00,35,30,No,Partially Effective,Suresh B.,Closed
CAPA-0150,DEV-0164,BCH-2023-0700,Chickpea Snacks,Line D,2025-02-21 00:00:00,Feb-2025,Supplier Development Action,Immediate deep clean conducted; re-swab showed satisfactory result,Training refresher scheduled for all shifts; competency re-assessment within 30 days,Karthik V.,2025-03-23 00:00:00,2025-03-26 00:00:00,33,30,No,Pending Verification,Ramesh K.,Open
CAPA-0151,DEV-0166,BCH-2023-0512,Tapioca Crisps,Line B,2024-04-06 00:00:00,Apr-2024,Immediate Corrective Action,BMR template revised; mandatory dual-sign-off added for critical entries,HACCP plan reviewed; critical limit tightened by 10%; new alert limit introduced,Meena R.,2024-05-06 00:00:00,2024-05-06 00:00:00,30,30,Yes,Effective,Priya S.,Closed
CAPA-0152,DEV-0167,BCH-2024-0847,Masala Peanuts,Line A,2025-11-04 00:00:00,Nov-2025,Root Cause Elimination,PM schedule updated; overdue maintenance completed within 24 hours,Equipment replaced with newer model; IQ/OQ/PQ validation completed,Suresh B.,2025-11-18 00:00:00,2025-11-14 00:00:00,10,14,Yes,Effective,Anand M.,Closed
CAPA-0153,DEV-0168,BCH-2022-0181,Banana Chips,Line A,2022-10-22 00:00:00,Oct-2022,Preventive Action,Batch placed on hold; re-test on retained sample; released after confirmation,Supplier qualification review; monthly CoA audit added to incoming QC protocol,Ramesh K.,2022-10-29 00:00:00,2022-11-02 00:00:00,11,7,No,Effective,Sagar A.,Closed
CAPA-0154,DEV-0169,BCH-2024-1228,Chickpea Snacks,Line D,2027-08-03 00:00:00,Aug-2027,Process Improvement,Equipment recalibrated; verification run conducted before resuming production,Preventive maintenance frequency increased from semi-annual to quarterly,Priya S.,2027-08-10 00:00:00,2027-08-11 00:00:00,8,7,No,Partially Effective,Divya N.,Closed
CAPA-0155,DEV-0170,BCH-2024-1081,Jackfruit Chips,Line A,2026-11-30 00:00:00,Nov-2026,Supplier Development Action,Analyst retrained on SOP; competency assessment passed,SOP revised with mandatory double-check; training matrix updated for all QC staff,Anand M.,2026-12-14 00:00:00,2026-12-17 00:00:00,17,14,No,Pending Verification,Karthik V.,Open
CAPA-0156,DEV-0171,BCH-2024-1097,Jackfruit Chips,Line E,2026-12-27 00:00:00,Dec-2026,Immediate Corrective Action,Process parameter adjusted; 3 consecutive conforming batches verified,SPC chart implemented for this parameter; daily trending review added,Sagar A.,2027-01-26 00:00:00,2027-01-28 00:00:00,32,30,No,Effective,Meena R.,Closed
CAPA-0157,DEV-0172,BCH-2024-0887,Masala Peanuts,Line E,2026-01-03 00:00:00,Jan-2026,Root Cause Elimination,Supplier notified; incoming lot quarantined; alternative lot sourced,Enhanced environmental monitoring — daily swabs for 30 days post-event,Divya N.,2026-02-02 00:00:00,2026-02-06 00:00:00,34,30,No,Effective,Suresh B.,Closed
CAPA-0158,DEV-0173,BCH-2023-0818,Okra Chips,Line B,2025-09-16 00:00:00,Sep-2025,Preventive Action,Immediate deep clean conducted; re-swab showed satisfactory result,Training refresher scheduled for all shifts; competency re-assessment within 30 days,Karthik V.,2025-09-30 00:00:00,2025-09-30 00:00:00,14,14,Yes,Effective,Ramesh K.,Closed
CAPA-0159,DEV-0174,BCH-2022-0307,Roasted Corn,Line A,2023-05-25 00:00:00,May-2023,Process Improvement,BMR template revised; mandatory dual-sign-off added for critical entries,HACCP plan reviewed; critical limit tightened by 10%; new alert limit introduced,Meena R.,2023-06-08 00:00:00,2023-06-05 00:00:00,11,14,Yes,Partially Effective,Priya S.,Closed
CAPA-0160,DEV-0175,BCH-2022-0209,Jackfruit Chips,Line E,2022-12-08 00:00:00,Dec-2022,Supplier Development Action,PM schedule updated; overdue maintenance completed within 24 hours,Equipment replaced with newer model; IQ/OQ/PQ validation completed,Suresh B.,2022-12-22 00:00:00,2022-12-24 00:00:00,16,14,No,Pending Verification,Anand M.,Open
CAPA-0161,DEV-0176,BCH-2022-0180,Chickpea Snacks,Line F,2022-10-19 00:00:00,Oct-2022,Immediate Corrective Action,Batch placed on hold; re-test on retained sample; released after confirmation,Supplier qualification review; monthly CoA audit added to incoming QC protocol,Ramesh K.,2022-11-02 00:00:00,2022-11-08 00:00:00,20,14,No,Effective,Sagar A.,Closed
CAPA-0162,DEV-0177,BCH-2023-0576,Tapioca Crisps,Line F,2024-07-19 00:00:00,Jul-2024,Root Cause Elimination,Equipment recalibrated; verification run conducted before resuming production,Preventive maintenance frequency increased from semi-annual to quarterly,Priya S.,2024-08-02 00:00:00,2024-07-28 00:00:00,9,14,Yes,Effective,Divya N.,Closed
CAPA-0163,DEV-0178,BCH-2023-0562,Okra Chips,Line D,2024-06-12 00:00:00,Jun-2024,Preventive Action,Analyst retrained on SOP; competency assessment passed,SOP revised with mandatory double-check; training matrix updated for all QC staff,Anand M.,2024-06-26 00:00:00,2024-06-23 00:00:00,11,14,Yes,Effective,Karthik V.,Closed
CAPA-0164,DEV-0179,BCH-2022-0358,Sweet Potato Chips,Line D,2023-08-09 00:00:00,Aug-2023,Process Improvement,Process parameter adjusted; 3 consecutive conforming batches verified,SPC chart implemented for this parameter; daily trending review added,Sagar A.,2023-08-23 00:00:00,2023-08-24 00:00:00,15,14,No,Partially Effective,Meena R.,Closed
CAPA-0165,DEV-0180,BCH-2024-0961,Jackfruit Chips,Line A,2026-05-01 00:00:00,Apr-2026,Supplier Development Action,Supplier notified; incoming lot quarantined; alternative lot sourced,Enhanced environmental monitoring — daily swabs for 30 days post-event,Divya N.,2026-05-15 00:00:00,2026-05-25 00:00:00,24,14,No,Pending Verification,Suresh B.,Open
CAPA-0166,DEV-0181,BCH-2024-1193,Jackfruit Chips,Line E,2027-06-14 00:00:00,Jun-2027,Immediate Corrective Action,Immediate deep clean conducted; re-swab showed satisfactory result,Training refresher scheduled for all shifts; competency re-assessment within 30 days,Karthik V.,2027-06-21 00:00:00,2027-06-21 00:00:00,7,7,Yes,Effective,Ramesh K.,Closed
CAPA-0167,DEV-0182,BCH-2023-0539,Roasted Corn,Line E,2024-05-14 00:00:00,May-2024,Root Cause Elimination,BMR template revised; mandatory dual-sign-off added for critical entries,HACCP plan reviewed; critical limit tightened by 10%; new alert limit introduced,Meena R.,2024-05-28 00:00:00,2024-06-01 00:00:00,18,14,No,Effective,Priya S.,Closed
CAPA-0168,DEV-0183,BCH-2023-0597,Banana Chips,Line C,2024-08-25 00:00:00,Aug-2024,Preventive Action,PM schedule updated; overdue maintenance completed within 24 hours,Equipment replaced with newer model; IQ/OQ/PQ validation completed,Suresh B.,2024-09-08 00:00:00,2024-09-06 00:00:00,12,14,Yes,Effective,Anand M.,Closed
CAPA-0169,DEV-0184,BCH-2022-0196,Chickpea Snacks,Line D,2022-11-18 00:00:00,Nov-2022,Process Improvement,Batch placed on hold; re-test on retained sample; released after confirmation,Supplier qualification review; monthly CoA audit added to incoming QC protocol,Ramesh K.,2022-12-02 00:00:00,2022-11-29 00:00:00,11,14,Yes,Partially Effective,Sagar A.,Closed
CAPA-0170,DEV-0185,BCH-2022-0235,Roasted Corn,Line A,2023-01-25 00:00:00,Jan-2023,Supplier Development Action,Equipment recalibrated; verification run conducted before resuming production,Preventive maintenance frequency increased from semi-annual to quarterly,Priya S.,2023-02-08 00:00:00,2023-02-09 00:00:00,15,14,No,Pending Verification,Divya N.,Open
CAPA-0171,DEV-0186,BCH-2024-1179,Roasted Corn,Line C,2027-05-18 00:00:00,May-2027,Immediate Corrective Action,Analyst retrained on SOP; competency assessment passed,SOP revised with mandatory double-check; training matrix updated for all QC staff,Anand M.,2027-06-01 00:00:00,2027-06-02 00:00:00,15,14,No,Effective,Karthik V.,Closed
CAPA-0172,DEV-0187,BCH-2023-0675,Roasted Corn,Line C,2025-01-21 00:00:00,Jan-2025,Root Cause Elimination,Process parameter adjusted; 3 consecutive conforming batches verified,SPC chart implemented for this parameter; daily trending review added,Sagar A.,2025-02-04 00:00:00,2025-02-01 00:00:00,11,14,Yes,Effective,Meena R.,Closed
CAPA-0173,DEV-0188,BCH-2023-0779,Roasted Corn,Line E,2025-07-11 00:00:00,Jul-2025,Preventive Action,Supplier notified; incoming lot quarantined; alternative lot sourced,Enhanced environmental monitoring — daily swabs for 30 days post-event,Divya N.,2025-08-10 00:00:00,2025-08-07 00:00:00,27,30,Yes,Effective,Suresh B.,Closed
CAPA-0174,DEV-0189,BCH-2024-1007,Masala Peanuts,Line E,2026-07-14 00:00:00,Jul-2026,Process Improvement,Immediate deep clean conducted; re-swab showed satisfactory result,Training refresher scheduled for all shifts; competency re-assessment within 30 days,Karthik V.,2026-07-28 00:00:00,2026-07-26 00:00:00,12,14,Yes,Partially Effective,Ramesh K.,Closed
CAPA-0175,DEV-0190,BCH-2024-0985,Jackfruit Chips,Line A,2026-06-04 00:00:00,Jun-2026,Supplier Development Action,BMR template revised; mandatory dual-sign-off added for critical entries,HACCP plan reviewed; critical limit tightened by 10%; new alert limit introduced,Meena R.,2026-06-11 00:00:00,2026-06-17 00:00:00,13,7,No,Pending Verification,Priya S.,Open
CAPA-0176,DEV-0191,BCH-2023-0658,Okra Chips,Line D,2024-12-18 00:00:00,Dec-2024,Immediate Corrective Action,PM schedule updated; overdue maintenance completed within 24 hours,Equipment replaced with newer model; IQ/OQ/PQ validation completed,Suresh B.,2025-01-01 00:00:00,2024-12-27 00:00:00,9,14,Yes,Effective,Anand M.,Closed
CAPA-0177,DEV-0192,BCH-2024-0921,Jackfruit Chips,Line C,2026-02-25 00:00:00,Feb-2026,Root Cause Elimination,Batch placed on hold; re-test on retained sample; released after confirmation,Supplier qualification review; monthly CoA audit added to incoming QC protocol,Ramesh K.,2026-03-04 00:00:00,2026-02-28 00:00:00,3,7,Yes,Effective,Sagar A.,Closed
CAPA-0178,DEV-0193,BCH-2024-1173,Banana Chips,Line C,2027-05-09 00:00:00,May-2027,Preventive Action,Equipment recalibrated; verification run conducted before resuming production,Preventive maintenance frequency increased from semi-annual to quarterly,Priya S.,2027-05-23 00:00:00,2027-05-23 00:00:00,14,14,Yes,Effective,Divya N.,Closed
CAPA-0179,DEV-0194,BCH-2022-0152,Tapioca Crisps,Line B,2022-09-04 00:00:00,Sep-2022,Process Improvement,Analyst retrained on SOP; competency assessment passed,SOP revised with mandatory double-check; training matrix updated for all QC staff,Anand M.,2022-09-18 00:00:00,2022-09-22 00:00:00,18,14,No,Partially Effective,Karthik V.,Closed
CAPA-0180,DEV-0195,BCH-2022-0097,Jackfruit Chips,Line A,2022-06-04 00:00:00,Jun-2022,Supplier Development Action,Process parameter adjusted; 3 consecutive conforming batches verified,SPC chart implemented for this parameter; daily trending review added,Sagar A.,2022-06-11 00:00:00,2022-06-10 00:00:00,6,7,Yes,Pending Verification,Meena R.,Open
CAPA-0181,DEV-0196,BCH-2023-0737,Jackfruit Chips,Line E,2025-04-25 00:00:00,Apr-2025,Immediate Corrective Action,Supplier notified; incoming lot quarantined; alternative lot sourced,Enhanced environmental monitoring — daily swabs for 30 days post-event,Divya N.,2025-05-02 00:00:00,2025-04-28 00:00:00,3,7,Yes,Effective,Suresh B.,Closed
CAPA-0182,DEV-0197,BCH-2022-0001,Jackfruit Chips,Line A,2022-01-05 00:00:00,Jan-2022,Root Cause Elimination,Immediate deep clean conducted; re-swab showed satisfactory result,Training refresher scheduled for all shifts; competency re-assessment within 30 days,Karthik V.,2022-01-19 00:00:00,2022-01-15 00:00:00,10,14,Yes,Effective,Ramesh K.,Closed
CAPA-0183,DEV-0198,BCH-2024-0932,Chickpea Snacks,Line B,2026-03-10 00:00:00,Mar-2026,Preventive Action,BMR template revised; mandatory dual-sign-off added for critical entries,HACCP plan reviewed; critical limit tightened by 10%; new alert limit introduced,Meena R.,2026-03-24 00:00:00,2026-03-28 00:00:00,18,14,No,Effective,Priya S.,Closed
CAPA-0184,DEV-0199,BCH-2022-0262,Sweet Potato Chips,Line D,2023-03-09 00:00:00,Mar-2023,Process Improvement,PM schedule updated; overdue maintenance completed within 24 hours,Equipment replaced with newer model; IQ/OQ/PQ validation completed,Suresh B.,2023-04-08 00:00:00,2023-04-11 00:00:00,33,30,No,Partially Effective,Anand M.,Closed
CAPA-0185,DEV-0200,BCH-2024-1169,Jackfruit Chips,Line E,2027-05-05 00:00:00,May-2027,Supplier Development Action,Batch placed on hold; re-test on retained sample; released after confirmation,Supplier qualification review; monthly CoA audit added to incoming QC protocol,Ramesh K.,2027-05-19 00:00:00,2027-05-17 00:00:00,12,14,Yes,Pending Verification,Sagar A.,Open
CAPA-0186,DEV-0201,BCH-2022-0413,Banana Chips,Line E,2023-10-29 00:00:00,Oct-2023,Immediate Corrective Action,Equipment recalibrated; verification run conducted before resuming production,Preventive maintenance frequency increased from semi-annual to quarterly,Priya S.,2023-11-12 00:00:00,2023-11-15 00:00:00,17,14,No,Effective,Divya N.,Closed
CAPA-0187,DEV-0202,BCH-2022-0047,Masala Peanuts,Line E,2022-03-31 00:00:00,Mar-2022,Root Cause Elimination,Analyst retrained on SOP; competency assessment passed,SOP revised with mandatory double-check; training matrix updated for all QC staff,Anand M.,2022-04-14 00:00:00,2022-04-17 00:00:00,17,14,No,Effective,Karthik V.,Closed
CAPA-0188,DEV-0203,BCH-2024-1086,Sweet Potato Chips,Line F,2026-12-05 00:00:00,Dec-2026,Preventive Action,Process parameter adjusted; 3 consecutive conforming batches verified,SPC chart implemented for this parameter; daily trending review added,Sagar A.,2026-12-19 00:00:00,2026-12-15 00:00:00,10,14,Yes,Effective,Meena R.,Closed
CAPA-0189,DEV-0204,BCH-2024-1079,Masala Peanuts,Line E,2026-11-26 00:00:00,Nov-2026,Process Improvement,Supplier notified; incoming lot quarantined; alternative lot sourced,Enhanced environmental monitoring — daily swabs for 30 days post-event,Divya N.,2026-12-10 00:00:00,2026-12-09 00:00:00,13,14,Yes,Partially Effective,Suresh B.,Closed
CAPA-0190,DEV-0205,BCH-2024-0939,Roasted Corn,Line C,2026-03-25 00:00:00,Mar-2026,Supplier Development Action,Immediate deep clean conducted; re-swab showed satisfactory result,Training refresher scheduled for all shifts; competency re-assessment within 30 days,Karthik V.,2026-04-08 00:00:00,2026-04-07 00:00:00,13,14,Yes,Pending Verification,Ramesh K.,Open
CAPA-0191,DEV-0206,BCH-2023-0555,Roasted Corn,Line C,2024-06-03 00:00:00,Jun-2024,Immediate Corrective Action,BMR template revised; mandatory dual-sign-off added for critical entries,HACCP plan reviewed; critical limit tightened by 10%; new alert limit introduced,Meena R.,2024-06-17 00:00:00,2024-06-22 00:00:00,19,14,No,Effective,Priya S.,Closed
CAPA-0192,DEV-0207,BCH-2024-1003,Roasted Corn,Line A,2026-07-06 00:00:00,Jul-2026,Root Cause Elimination,PM schedule updated; overdue maintenance completed within 24 hours,Equipment replaced with newer model; IQ/OQ/PQ validation completed,Suresh B.,2026-07-20 00:00:00,2026-07-16 00:00:00,10,14,Yes,Effective,Anand M.,Closed
CAPA-0193,DEV-0209,BCH-2024-0920,Tapioca Crisps,Line B,2026-02-24 00:00:00,Feb-2026,Preventive Action,Batch placed on hold; re-test on retained sample; released after confirmation,Supplier qualification review; monthly CoA audit added to incoming QC protocol,Ramesh K.,2026-03-10 00:00:00,2026-03-09 00:00:00,13,14,Yes,Effective,Sagar A.,Closed
CAPA-0194,DEV-0210,BCH-2023-0446,Sweet Potato Chips,Line B,2023-12-20 00:00:00,Dec-2023,Process Improvement,Equipment recalibrated; verification run conducted before resuming production,Preventive maintenance frequency increased from semi-annual to quarterly,Priya S.,2024-01-03 00:00:00,2024-01-05 00:00:00,16,14,No,Partially Effective,Divya N.,Closed
CAPA-0195,DEV-0211,BCH-2022-0086,Sweet Potato Chips,Line B,2022-05-20 00:00:00,May-2022,Supplier Development Action,Analyst retrained on SOP; competency assessment passed,SOP revised with mandatory double-check; training matrix updated for all QC staff,Anand M.,2022-05-27 00:00:00,2022-05-29 00:00:00,9,7,No,Pending Verification,Karthik V.,Open
CAPA-0196,DEV-0212,BCH-2024-0856,Tapioca Crisps,Line D,2025-11-19 00:00:00,Nov-2025,Immediate Corrective Action,Process parameter adjusted; 3 consecutive conforming batches verified,SPC chart implemented for this parameter; daily trending review added,Sagar A.,2025-12-03 00:00:00,2025-12-04 00:00:00,15,14,No,Effective,Meena R.,Closed
CAPA-0197,DEV-0213,BCH-2024-0902,Sweet Potato Chips,Line B,2026-01-25 00:00:00,Jan-2026,Root Cause Elimination,Supplier notified; incoming lot quarantined; alternative lot sourced,Enhanced environmental monitoring — daily swabs for 30 days post-event,Divya N.,2026-02-01 00:00:00,2026-01-31 00:00:00,6,7,Yes,Effective,Suresh B.,Closed
CAPA-0198,DEV-0214,BCH-2024-0893,Banana Chips,Line E,2026-01-10 00:00:00,Jan-2026,Preventive Action,Immediate deep clean conducted; re-swab showed satisfactory result,Training refresher scheduled for all shifts; competency re-assessment within 30 days,Karthik V.,2026-01-24 00:00:00,2026-02-02 00:00:00,23,14,No,Effective,Ramesh K.,Closed
CAPA-0199,DEV-0215,BCH-2024-0904,Tapioca Crisps,Line D,2026-01-28 00:00:00,Jan-2026,Process Improvement,BMR template revised; mandatory dual-sign-off added for critical entries,HACCP plan reviewed; critical limit tightened by 10%; new alert limit introduced,Meena R.,2026-02-11 00:00:00,2026-02-12 00:00:00,15,14,No,Partially Effective,Priya S.,Closed
CAPA-0200,DEV-0216,BCH-2024-0988,Chickpea Snacks,Line D,2026-06-08 00:00:00,Jun-2026,Supplier Development Action,PM schedule updated; overdue maintenance completed within 24 hours,Equipment replaced with newer model; IQ/OQ/PQ validation completed,Suresh B.,2026-06-22 00:00:00,2026-06-21 00:00:00,13,14,Yes,Pending Verification,Anand M.,Open
CAPA-0201,DEV-0217,BCH-2022-0277,Banana Chips,Line A,2023-04-01 00:00:00,Mar-2023,Immediate Corrective Action,Batch placed on hold; re-test on retained sample; released after confirmation,Supplier qualification review; monthly CoA audit added to incoming QC protocol,Ramesh K.,2023-04-08 00:00:00,2023-04-08 00:00:00,7,7,Yes,Effective,Sagar A.,Closed
CAPA-0202,DEV-0218,BCH-2023-0761,Jackfruit Chips,Line E,2025-06-04 00:00:00,Jun-2025,Root Cause Elimination,Equipment recalibrated; verification run conducted before resuming production,Preventive maintenance frequency increased from semi-annual to quarterly,Priya S.,2025-06-18 00:00:00,2025-06-13 00:00:00,9,14,Yes,Effective,Divya N.,Closed
CAPA-0203,DEV-0220,BCH-2024-0974,Sweet Potato Chips,Line B,2026-05-22 00:00:00,May-2026,Preventive Action,Analyst retrained on SOP; competency assessment passed,SOP revised with mandatory double-check; training matrix updated for all QC staff,Anand M.,2026-06-05 00:00:00,2026-06-06 00:00:00,15,14,No,Effective,Karthik V.,Closed
CAPA-0204,DEV-0221,BCH-2022-0387,Roasted Corn,Line C,2023-09-22 00:00:00,Sep-2023,Process Improvement,Process parameter adjusted; 3 consecutive conforming batches verified,SPC chart implemented for this parameter; daily trending review added,Sagar A.,2023-10-22 00:00:00,2023-10-24 00:00:00,32,30,No,Partially Effective,Meena R.,Closed
CAPA-0205,DEV-0224,BCH-2023-0827,Roasted Corn,Line E,2025-09-26 00:00:00,Sep-2025,Supplier Development Action,Supplier notified; incoming lot quarantined; alternative lot sourced,Enhanced environmental monitoring — daily swabs for 30 days post-event,Divya N.,2025-10-10 00:00:00,2025-10-06 00:00:00,10,14,Yes,Pending Verification,Suresh B.,Open
CAPA-0206,DEV-0225,BCH-2024-1181,Banana Chips,Line E,2027-05-20 00:00:00,May-2027,Immediate Corrective Action,Immediate deep clean conducted; re-swab showed satisfactory result,Training refresher scheduled for all shifts; competency re-assessment within 30 days,Karthik V.,2027-06-19 00:00:00,2027-06-18 00:00:00,29,30,Yes,Effective,Ramesh K.,Closed
CAPA-0207,DEV-0226,BCH-2022-0400,Tapioca Crisps,Line D,2023-10-09 00:00:00,Oct-2023,Root Cause Elimination,BMR template revised; mandatory dual-sign-off added for critical entries,HACCP plan reviewed; critical limit tightened by 10%; new alert limit introduced,Meena R.,2023-10-23 00:00:00,2023-10-23 00:00:00,14,14,Yes,Effective,Priya S.,Closed
CAPA-0208,DEV-0227,BCH-2024-0922,Okra Chips,Line D,2026-02-26 00:00:00,Feb-2026,Preventive Action,PM schedule updated; overdue maintenance completed within 24 hours,Equipment replaced with newer model; IQ/OQ/PQ validation completed,Suresh B.,2026-03-12 00:00:00,2026-03-16 00:00:00,18,14,No,Effective,Anand M.,Closed
CAPA-0209,DEV-0228,BCH-2023-0760,Tapioca Crisps,Line D,2025-06-03 00:00:00,Jun-2025,Process Improvement,Batch placed on hold; re-test on retained sample; released after confirmation,Supplier qualification review; monthly CoA audit added to incoming QC protocol,Ramesh K.,2025-06-17 00:00:00,2025-06-17 00:00:00,14,14,Yes,Partially Effective,Sagar A.,Closed
CAPA-0210,DEV-0229,BCH-2022-0183,Masala Peanuts,Line C,2022-10-25 00:00:00,Oct-2022,Supplier Development Action,Equipment recalibrated; verification run conducted before resuming production,Preventive maintenance frequency increased from semi-annual to quarterly,Priya S.,2022-11-08 00:00:00,2022-11-04 00:00:00,10,14,Yes,Pending Verification,Divya N.,Open
CAPA-0211,DEV-0230,BCH-2024-1152,Tapioca Crisps,Line F,2027-03-30 00:00:00,Mar-2027,Immediate Corrective Action,Analyst retrained on SOP; competency assessment passed,SOP revised with mandatory double-check; training matrix updated for all QC staff,Anand M.,2027-04-13 00:00:00,2027-04-17 00:00:00,18,14,No,Effective,Karthik V.,Closed
CAPA-0212,DEV-0231,BCH-2024-1219,Roasted Corn,Line A,2027-07-21 00:00:00,Jul-2027,Root Cause Elimination,Process parameter adjusted; 3 consecutive conforming batches verified,SPC chart implemented for this parameter; daily trending review added,Sagar A.,2027-08-04 00:00:00,2027-08-04 00:00:00,14,14,Yes,Effective,Meena R.,Closed
CAPA-0213,DEV-0232,BCH-2023-0749,Banana Chips,Line E,2025-05-17 00:00:00,May-2025,Preventive Action,Supplier notified; incoming lot quarantined; alternative lot sourced,Enhanced environmental monitoring — daily swabs for 30 days post-event,Divya N.,2025-06-16 00:00:00,2025-06-23 00:00:00,37,30,No,Effective,Suresh B.,Closed
CAPA-0214,DEV-0233,BCH-2022-0315,Roasted Corn,Line C,2023-06-09 00:00:00,Jun-2023,Process Improvement,Immediate deep clean conducted; re-swab showed satisfactory result,Training refresher scheduled for all shifts; competency re-assessment within 30 days,Karthik V.,2023-06-23 00:00:00,2023-06-28 00:00:00,19,14,No,Partially Effective,Ramesh K.,Closed
CAPA-0215,DEV-0234,BCH-2024-1085,Banana Chips,Line E,2026-12-04 00:00:00,Dec-2026,Supplier Development Action,BMR template revised; mandatory dual-sign-off added for critical entries,HACCP plan reviewed; critical limit tightened by 10%; new alert limit introduced,Meena R.,2026-12-18 00:00:00,2026-12-17 00:00:00,13,14,Yes,Pending Verification,Priya S.,Open
CAPA-0216,DEV-0235,BCH-2024-1208,Tapioca Crisps,Line B,2027-07-06 00:00:00,Jul-2027,Immediate Corrective Action,PM schedule updated; overdue maintenance completed within 24 hours,Equipment replaced with newer model; IQ/OQ/PQ validation completed,Suresh B.,2027-07-13 00:00:00,2027-07-20 00:00:00,14,7,No,Effective,Anand M.,Closed
CAPA-0217,DEV-0236,BCH-2024-1090,Okra Chips,Line D,2026-12-13 00:00:00,Dec-2026,Root Cause Elimination,Batch placed on hold; re-test on retained sample; released after confirmation,Supplier qualification review; monthly CoA audit added to incoming QC protocol,Ramesh K.,2026-12-27 00:00:00,2026-12-25 00:00:00,12,14,Yes,Effective,Sagar A.,Closed
CAPA-0218,DEV-0237,BCH-2022-0122,Okra Chips,Line B,2022-07-16 00:00:00,Jul-2022,Preventive Action,Equipment recalibrated; verification run conducted before resuming production,Preventive maintenance frequency increased from semi-annual to quarterly,Priya S.,2022-07-30 00:00:00,2022-07-30 00:00:00,14,14,Yes,Effective,Divya N.,Closed
CAPA-0219,DEV-0238,BCH-2024-0883,Roasted Corn,Line A,2025-12-29 00:00:00,Dec-2025,Process Improvement,Analyst retrained on SOP; competency assessment passed,SOP revised with mandatory double-check; training matrix updated for all QC staff,Anand M.,2026-01-12 00:00:00,2026-01-12 00:00:00,14,14,Yes,Partially Effective,Karthik V.,Closed
CAPA-0220,DEV-0239,BCH-2022-0375,Masala Peanuts,Line C,2023-08-30 00:00:00,Aug-2023,Supplier Development Action,Process parameter adjusted; 3 consecutive conforming batches verified,SPC chart implemented for this parameter; daily trending review added,Sagar A.,2023-09-13 00:00:00,2023-09-14 00:00:00,15,14,No,Pending Verification,Meena R.,Open
CAPA-0221,DEV-0240,BCH-2023-0655,Masala Peanuts,Line A,2024-12-03 00:00:00,Dec-2024,Immediate Corrective Action,Supplier notified; incoming lot quarantined; alternative lot sourced,Enhanced environmental monitoring — daily swabs for 30 days post-event,Divya N.,2024-12-17 00:00:00,2024-12-19 00:00:00,16,14,No,Effective,Suresh B.,Closed
CAPA-0222,DEV-0241,BCH-2022-0299,Roasted Corn,Line E,2023-05-16 00:00:00,May-2023,Root Cause Elimination,Immediate deep clean conducted; re-swab showed satisfactory result,Training refresher scheduled for all shifts; competency re-assessment within 30 days,Karthik V.,2023-05-30 00:00:00,2023-05-29 00:00:00,13,14,Yes,Effective,Ramesh K.,Closed
CAPA-0223,DEV-0242,BCH-2022-0310,Sweet Potato Chips,Line D,2023-05-30 00:00:00,May-2023,Preventive Action,BMR template revised; mandatory dual-sign-off added for critical entries,HACCP plan reviewed; critical limit tightened by 10%; new alert limit introduced,Meena R.,2023-06-13 00:00:00,2023-06-18 00:00:00,19,14,No,Effective,Priya S.,Closed
CAPA-0224,DEV-0243,BCH-2023-0601,Jackfruit Chips,Line A,2024-09-04 00:00:00,Sep-2024,Process Improvement,PM schedule updated; overdue maintenance completed within 24 hours,Equipment replaced with newer model; IQ/OQ/PQ validation completed,Suresh B.,2024-09-18 00:00:00,2024-09-13 00:00:00,9,14,Yes,Partially Effective,Anand M.,Closed
CAPA-0225,DEV-0245,BCH-2023-0820,Chickpea Snacks,Line D,2025-09-18 00:00:00,Sep-2025,Supplier Development Action,Batch placed on hold; re-test on retained sample; released after confirmation,Supplier qualification review; monthly CoA audit added to incoming QC protocol,Ramesh K.,2025-10-02 00:00:00,2025-10-04 00:00:00,16,14,No,Pending Verification,Sagar A.,Open
CAPA-0226,DEV-0246,BCH-2023-0592,Tapioca Crisps,Line D,2024-08-13 00:00:00,Aug-2024,Immediate Corrective Action,Equipment recalibrated; verification run conducted before resuming production,Preventive maintenance frequency increased from semi-annual to quarterly,Priya S.,2024-08-27 00:00:00,2024-09-08 00:00:00,26,14,No,Effective,Divya N.,Closed
CAPA-0227,DEV-0247,BCH-2023-0663,Masala Peanuts,Line C,2024-12-29 00:00:00,Dec-2024,Root Cause Elimination,Analyst retrained on SOP; competency assessment passed,SOP revised with mandatory double-check; training matrix updated for all QC staff,Anand M.,2025-01-12 00:00:00,2025-01-14 00:00:00,16,14,No,Effective,Karthik V.,Closed
CAPA-0228,DEV-0248,BCH-2022-0204,Chickpea Snacks,Line F,2022-11-27 00:00:00,Nov-2022,Preventive Action,Process parameter adjusted; 3 consecutive conforming batches verified,SPC chart implemented for this parameter; daily trending review added,Sagar A.,2022-12-11 00:00:00,2022-12-17 00:00:00,20,14,No,Effective,Meena R.,Closed
CAPA-0229,DEV-0250,BCH-2022-0156,Chickpea Snacks,Line F,2022-09-08 00:00:00,Sep-2022,Process Improvement,Supplier notified; incoming lot quarantined; alternative lot sourced,Enhanced environmental monitoring — daily swabs for 30 days post-event,Divya N.,2022-09-22 00:00:00,2022-09-24 00:00:00,16,14,No,Partially Effective,Suresh B.,Closed
CAPA-0230,DEV-0251,BCH-2023-0736,Tapioca Crisps,Line D,2025-04-23 00:00:00,Apr-2025,Supplier Development Action,Immediate deep clean conducted; re-swab showed satisfactory result,Training refresher scheduled for all shifts; competency re-assessment within 30 days,Karthik V.,2025-05-07 00:00:00,2025-05-08 00:00:00,15,14,No,Pending Verification,Ramesh K.,Open
CAPA-0231,DEV-0252,BCH-2022-0159,Masala Peanuts,Line C,2022-09-12 00:00:00,Sep-2022,Immediate Corrective Action,BMR template revised; mandatory dual-sign-off added for critical entries,HACCP plan reviewed; critical limit tightened by 10%; new alert limit introduced,Meena R.,2022-09-26 00:00:00,2022-10-02 00:00:00,20,14,No,Effective,Priya S.,Closed
CAPA-0232,DEV-0253,BCH-2022-0178,Okra Chips,Line D,2022-10-17 00:00:00,Oct-2022,Root Cause Elimination,PM schedule updated; overdue maintenance completed within 24 hours,Equipment replaced with newer model; IQ/OQ/PQ validation completed,Suresh B.,2022-10-31 00:00:00,2022-11-08 00:00:00,22,14,No,Effective,Anand M.,Closed
CAPA-0233,DEV-0254,BCH-2023-0561,Jackfruit Chips,Line C,2024-06-11 00:00:00,Jun-2024,Preventive Action,Batch placed on hold; re-test on retained sample; released after confirmation,Supplier qualification review; monthly CoA audit added to incoming QC protocol,Ramesh K.,2024-06-18 00:00:00,2024-06-19 00:00:00,8,7,No,Effective,Sagar A.,Closed
CAPA-0234,DEV-0255,BCH-2023-0791,Masala Peanuts,Line E,2025-07-29 00:00:00,Jul-2025,Process Improvement,Equipment recalibrated; verification run conducted before resuming production,Preventive maintenance frequency increased from semi-annual to quarterly,Priya S.,2025-08-12 00:00:00,2025-08-10 00:00:00,12,14,Yes,Partially Effective,Divya N.,Closed
CAPA-0235,DEV-0256,BCH-2022-0207,Masala Peanuts,Line C,2022-12-05 00:00:00,Dec-2022,Supplier Development Action,Analyst retrained on SOP; competency assessment passed,SOP revised with mandatory double-check; training matrix updated for all QC staff,Anand M.,2022-12-12 00:00:00,2022-12-09 00:00:00,4,7,Yes,Pending Verification,Karthik V.,Open
CAPA-0236,DEV-0257,BCH-2024-1089,Jackfruit Chips,Line C,2026-12-12 00:00:00,Dec-2026,Immediate Corrective Action,Process parameter adjusted; 3 consecutive conforming batches verified,SPC chart implemented for this parameter; daily trending review added,Sagar A.,2026-12-26 00:00:00,2026-12-22 00:00:00,10,14,Yes,Effective,Meena R.,Closed
CAPA-0237,DEV-0259,BCH-2024-1246,Sweet Potato Chips,Line D,2027-09-18 00:00:00,Sep-2027,Root Cause Elimination,Supplier notified; incoming lot quarantined; alternative lot sourced,Enhanced environmental monitoring — daily swabs for 30 days post-event,Divya N.,2027-10-02 00:00:00,2027-09-29 00:00:00,11,14,Yes,Effective,Suresh B.,Closed
CAPA-0238,DEV-0260,BCH-2022-0285,Banana Chips,Line C,2023-04-24 00:00:00,Apr-2023,Preventive Action,Immediate deep clean conducted; re-swab showed satisfactory result,Training refresher scheduled for all shifts; competency re-assessment within 30 days,Karthik V.,2023-05-08 00:00:00,2023-05-03 00:00:00,9,14,Yes,Effective,Ramesh K.,Closed
CAPA-0239,DEV-0261,BCH-2022-0251,Roasted Corn,Line E,2023-02-13 00:00:00,Feb-2023,Process Improvement,BMR template revised; mandatory dual-sign-off added for critical entries,HACCP plan reviewed; critical limit tightened by 10%; new alert limit introduced,Meena R.,2023-02-27 00:00:00,2023-03-02 00:00:00,17,14,No,Partially Effective,Priya S.,Closed
CAPA-0240,DEV-0262,BCH-2023-0671,Masala Peanuts,Line E,2025-01-13 00:00:00,Jan-2025,Supplier Development Action,PM schedule updated; overdue maintenance completed within 24 hours,Equipment replaced with newer model; IQ/OQ/PQ validation completed,Suresh B.,2025-01-27 00:00:00,2025-01-26 00:00:00,13,14,Yes,Pending Verification,Anand M.,Open
CAPA-0241,DEV-0263,BCH-2024-1166,Sweet Potato Chips,Line B,2027-04-30 00:00:00,Apr-2027,Immediate Corrective Action,Batch placed on hold; re-test on retained sample; released after confirmation,Supplier qualification review; monthly CoA audit added to incoming QC protocol,Ramesh K.,2027-05-14 00:00:00,2027-05-21 00:00:00,21,14,No,Effective,Sagar A.,Closed
CAPA-0242,DEV-0264,BCH-2022-0134,Sweet Potato Chips,Line B,2022-08-10 00:00:00,Aug-2022,Root Cause Elimination,Equipment recalibrated; verification run conducted before resuming production,Preventive maintenance frequency increased from semi-annual to quarterly,Priya S.,2022-08-24 00:00:00,2022-08-23 00:00:00,13,14,Yes,Effective,Divya N.,Closed
CAPA-0243,DEV-0265,BCH-2024-0864,Tapioca Crisps,Line F,2025-11-29 00:00:00,Nov-2025,Preventive Action,Analyst retrained on SOP; competency assessment passed,SOP revised with mandatory double-check; training matrix updated for all QC staff,Anand M.,2025-12-13 00:00:00,2025-12-10 00:00:00,11,14,Yes,Effective,Karthik V.,Closed
CAPA-0244,DEV-0266,BCH-2024-0923,Roasted Corn,Line E,2026-02-27 00:00:00,Feb-2026,Process Improvement,Process parameter adjusted; 3 consecutive conforming batches verified,SPC chart implemented for this parameter; daily trending review added,Sagar A.,2026-03-13 00:00:00,2026-03-11 00:00:00,12,14,Yes,Partially Effective,Meena R.,Closed
