Dev_ID,Batch_ID,Product,Production_Line,Deviation_Date,Month_Year,Quarter,Dev_Type,Parameter_Affected,Root_Cause_Category,Root_Cause_Description,Severity,Detected_By,Status,CAPA_Raised
DEV-0001,BCH-2023-0479,Masala Peanuts,Line E,2024-02-04 00:00:00,Feb-2024,Q1-2024,Microbial OOS,TPC,Raw Material Issue,Incoming RM lot TPC exceeded baseline by 2x,Major,QC Analyst,Closed — Effective,Yes
DEV-0002,BCH-2022-0067,Roasted Corn,Line A,2022-04-26 00:00:00,Apr-2022,Q2-2022,Physicochemical OOS,Yeast & Mold,Process Parameter Deviation,Blanching time reduced due to PLC timing error,Major,QC Supervisor,CAPA Raised,Yes
DEV-0003,BCH-2023-0552,Tapioca Crisps,Line F,2024-05-29 00:00:00,May-2024,Q2-2024,Documentation Error,pH,Equipment Failure,Autoclave pressure sensor malfunction,Minor,Production Operator,Open,Yes
DEV-0004,BCH-2022-0041,Jackfruit Chips,Line E,2022-03-21 00:00:00,Mar-2022,Q1-2022,Process Deviation,Moisture%,Human Error,Test skipped — analyst assumed pass from previous batch,Major,Internal Auditor,Closed — Effective,Yes
DEV-0005,BCH-2023-0528,Tapioca Crisps,Line F,2024-04-27 00:00:00,Apr-2024,Q2-2024,Equipment Malfunction,Purity%,Environmental Control Failure,Pest ingress — production line suspended,Minor,Automated Alarm,Closed — Effective,No
DEV-0006,BCH-2024-1017,Jackfruit Chips,Line C,2026-07-25 00:00:00,Jul-2026,Q3-2026,Environmental Excursion,Coliform,Supplier Non-conformance,Supplier CoA values inconsistent with in-house test,Critical,External Audit,Closed — Effective,Yes
DEV-0007,BCH-2022-0062,Sweet Potato Chips,Line B,2022-04-21 00:00:00,Apr-2022,Q2-2022,Raw Material Non-conformance,Process Temp,Maintenance Lapse,Calibration certificate expired — instrument quarantined,Major,Customer Complaint,Closed — Pending Verification,Yes
DEV-0008,BCH-2022-0039,Masala Peanuts,Line C,2022-03-18 00:00:00,Mar-2022,Q1-2022,Packaging Defect,Packaging Seal,Training Gap,Operator unaware of updated critical limit,Major,Environmental Swab,Closed — Effective,Yes
DEV-0009,BCH-2022-0243,Roasted Corn,Line C,2023-02-03 00:00:00,Feb-2023,Q1-2023,Microbial OOS,TPC,Raw Material Issue,RM purity below specification — supplier fault,Critical,QC Analyst,Closed — Effective,Yes
DEV-0010,BCH-2023-0683,Roasted Corn,Line E,2025-01-31 00:00:00,Jan-2025,Q1-2025,Physicochemical OOS,Yeast & Mold,Process Parameter Deviation,Conveyor speed inconsistency caused uneven frying,Critical,QC Supervisor,Closed — Effective,Yes
DEV-0011,BCH-2022-0125,Banana Chips,Line E,2022-07-18 00:00:00,Jul-2022,Q3-2022,Documentation Error,pH,Equipment Failure,pH meter calibration drift — monthly check,Critical,Production Operator,Closed — Effective,Yes
DEV-0012,BCH-2024-0994,Okra Chips,Line D,2026-06-15 00:00:00,Jun-2026,Q2-2026,Process Deviation,Moisture%,Human Error,Analyst used expired reagent for TPC,Major,Internal Auditor,Closed — Effective,Yes
DEV-0013,BCH-2022-0002,Okra Chips,Line B,2022-01-05 00:00:00,Jan-2022,Q1-2022,Equipment Malfunction,Purity%,Environmental Control Failure,Poor sanitation — environmental swab positive,Minor,Automated Alarm,Closed — Effective,Yes
DEV-0014,BCH-2023-0778,Okra Chips,Line D,2025-07-07 00:00:00,Jul-2025,Q3-2025,Environmental Excursion,Coliform,Supplier Non-conformance,Supplier changed manufacturing site without notification,Critical,External Audit,Closed — Effective,Yes
DEV-0015,BCH-2024-1006,Sweet Potato Chips,Line D,2026-07-08 00:00:00,Jul-2026,Q3-2026,Raw Material Non-conformance,Process Temp,Maintenance Lapse,Filter replacement overdue — micro contamination risk,Major,Customer Complaint,Closed — Effective,Yes
DEV-0016,BCH-2023-0495,Masala Peanuts,Line C,2024-03-03 00:00:00,Mar-2024,Q1-2024,Packaging Defect,Packaging Seal,Training Gap,New analyst performed test without adequate supervision,Critical,Environmental Swab,Closed — Effective,Yes
DEV-0017,BCH-2023-0660,Chickpea Snacks,Line F,2024-12-24 00:00:00,Dec-2024,Q4-2024,Microbial OOS,TPC,Raw Material Issue,Moisture in raw ingredients elevated at goods-in,Critical,QC Analyst,CAPA Raised,Yes
DEV-0018,BCH-2022-0090,Okra Chips,Line F,2022-05-23 00:00:00,May-2022,Q2-2022,Physicochemical OOS,Yeast & Mold,Process Parameter Deviation,Process water pH not adjusted pre-use,Minor,QC Supervisor,Open,No
DEV-0019,BCH-2023-0632,Tapioca Crisps,Line B,2024-10-25 00:00:00,Oct-2024,Q4-2024,Documentation Error,pH,Equipment Failure,Conveyor belt slippage — unplanned downtime,Major,Production Operator,CAPA Raised,Yes
DEV-0020,BCH-2022-0349,Banana Chips,Line A,2023-07-29 00:00:00,Jul-2023,Q3-2023,Process Deviation,Moisture%,Human Error,Wrong product code entered in LIMS,Critical,Internal Auditor,Closed — Effective,Yes
DEV-0021,BCH-2023-0457,Jackfruit Chips,Line A,2024-01-07 00:00:00,Jan-2024,Q1-2024,Equipment Malfunction,Purity%,Environmental Control Failure,AHU malfunction — ambient temp excursion,Minor,Automated Alarm,Closed — Pending Verification,No
DEV-0022,BCH-2022-0322,Okra Chips,Line D,2023-06-17 00:00:00,Jun-2023,Q2-2023,Environmental Excursion,Coliform,Supplier Non-conformance,Packaging material lot with sub-spec barrier properties,Major,External Audit,Closed — Effective,Yes
DEV-0023,BCH-2022-0120,Tapioca Crisps,Line F,2022-07-09 00:00:00,Jul-2022,Q3-2022,Raw Material Non-conformance,Process Temp,Maintenance Lapse,Preventive maintenance skipped during peak production,Major,Customer Complaint,Closed — Effective,Yes
DEV-0024,BCH-2023-0697,Jackfruit Chips,Line A,2025-02-17 00:00:00,Feb-2025,Q1-2025,Packaging Defect,Packaging Seal,Training Gap,Incorrect interpretation of borderline result,Major,Environmental Swab,Closed — Effective,Yes
DEV-0025,BCH-2024-1092,Chickpea Snacks,Line F,2026-12-14 00:00:00,Dec-2026,Q4-2026,Microbial OOS,TPC,Raw Material Issue,Contaminated raw material lot passed incoming QC,Minor,QC Analyst,Closed — Effective,No
DEV-0026,BCH-2022-0034,Okra Chips,Line D,2022-03-06 00:00:00,Mar-2022,Q1-2022,Physicochemical OOS,Yeast & Mold,Process Parameter Deviation,Frying temp dropped below spec during shift changeover,Critical,QC Supervisor,CAPA Raised,Yes
DEV-0027,BCH-2022-0027,Roasted Corn,Line C,2022-02-26 00:00:00,Feb-2022,Q1-2022,Documentation Error,pH,Equipment Failure,Moisture analyser heating element degraded,Major,Production Operator,Closed — Effective,Yes
DEV-0028,BCH-2024-1150,Sweet Potato Chips,Line D,2027-03-26 00:00:00,Mar-2027,Q1-2027,Process Deviation,Moisture%,Human Error,Incorrect sample size for physicochemical test,Major,Internal Auditor,Closed — Effective,Yes
DEV-0029,BCH-2022-0007,Masala Peanuts,Line A,2022-01-14 00:00:00,Jan-2022,Q1-2022,Equipment Malfunction,Purity%,Environmental Control Failure,Condensation in packaging area,Minor,Automated Alarm,Closed — Pending Verification,Yes
DEV-0030,BCH-2022-0070,Sweet Potato Chips,Line D,2022-05-01 00:00:00,Apr-2022,Q2-2022,Environmental Excursion,Coliform,Supplier Non-conformance,Batch recall from supplier due to cross-contamination,Critical,External Audit,Closed — Effective,Yes
DEV-0031,BCH-2024-0898,Okra Chips,Line D,2026-01-18 00:00:00,Jan-2026,Q1-2026,Raw Material Non-conformance,Process Temp,Maintenance Lapse,PM overdue on critical pH instrument,Critical,Customer Complaint,CAPA Raised,Yes
DEV-0032,BCH-2024-1033,Jackfruit Chips,Line A,2026-09-03 00:00:00,Sep-2026,Q3-2026,Packaging Defect,Packaging Seal,Training Gap,SOP revision not communicated to night shift,Major,Environmental Swab,CAPA Raised,Yes
DEV-0033,BCH-2024-1199,Masala Peanuts,Line E,2027-06-23 00:00:00,Jun-2027,Q2-2027,Microbial OOS,TPC,Raw Material Issue,Supplier batch YM count borderline on CoA,Major,QC Analyst,Closed — Effective,Yes
DEV-0034,BCH-2023-0619,Roasted Corn,Line A,2024-10-07 00:00:00,Oct-2024,Q4-2024,Physicochemical OOS,Yeast & Mold,Process Parameter Deviation,Oil temperature overshoot — thermostat drift,Critical,QC Supervisor,Closed — Effective,Yes
DEV-0035,BCH-2022-0012,Chickpea Snacks,Line F,2022-01-20 00:00:00,Jan-2022,Q1-2022,Documentation Error,pH,Equipment Failure,Packaging seal integrity failure,Major,Production Operator,Closed — Pending Verification,Yes
DEV-0036,BCH-2022-0182,Sweet Potato Chips,Line B,2022-10-22 00:00:00,Oct-2022,Q4-2022,Process Deviation,Moisture%,Human Error,BMR entry not completed contemporaneously,Major,Internal Auditor,Closed — Pending Verification,Yes
DEV-0037,BCH-2023-0755,Roasted Corn,Line E,2025-05-26 00:00:00,May-2025,Q2-2025,Equipment Malfunction,Purity%,Environmental Control Failure,Cold storage compressor failure — temp excursion,Minor,Automated Alarm,Closed — Pending Verification,Yes
DEV-0038,BCH-2023-0560,Tapioca Crisps,Line B,2024-06-09 00:00:00,Jun-2024,Q2-2024,Environmental Excursion,Coliform,Supplier Non-conformance,Incorrect labelling on raw material bags,Major,External Audit,Closed — Effective,Yes
DEV-0039,BCH-2023-0563,Roasted Corn,Line E,2024-06-12 00:00:00,Jun-2024,Q2-2024,Raw Material Non-conformance,Process Temp,Maintenance Lapse,Equipment MTTR exceeded SLA — production delay,Critical,Customer Complaint,CAPA Raised,Yes
DEV-0040,BCH-2022-0385,Jackfruit Chips,Line A,2023-09-15 00:00:00,Sep-2023,Q3-2023,Packaging Defect,Packaging Seal,Training Gap,Training records incomplete for promoted QC officer,Major,Environmental Swab,Closed — Effective,Yes
DEV-0041,BCH-2022-0202,Okra Chips,Line D,2022-11-24 00:00:00,Nov-2022,Q4-2022,Microbial OOS,TPC,Raw Material Issue,Incoming RM lot TPC exceeded baseline by 2x,Minor,QC Analyst,CAPA Raised,No
DEV-0042,BCH-2024-0874,Okra Chips,Line D,2025-12-14 00:00:00,Dec-2025,Q4-2025,Physicochemical OOS,Yeast & Mold,Process Parameter Deviation,Blanching time reduced due to PLC timing error,Critical,QC Supervisor,Closed — Effective,Yes
DEV-0043,BCH-2023-0636,Chickpea Snacks,Line F,2024-10-31 00:00:00,Oct-2024,Q4-2024,Documentation Error,pH,Equipment Failure,Autoclave pressure sensor malfunction,Major,Production Operator,Closed — Pending Verification,Yes
DEV-0044,BCH-2023-0431,Masala Peanuts,Line E,2023-11-23 00:00:00,Nov-2023,Q4-2023,Process Deviation,Moisture%,Human Error,Test skipped — analyst assumed pass from previous batch,Major,Internal Auditor,Closed — Pending Verification,Yes
DEV-0045,BCH-2024-1031,Masala Peanuts,Line E,2026-08-24 00:00:00,Aug-2026,Q3-2026,Equipment Malfunction,Purity%,Environmental Control Failure,Pest ingress — production line suspended,Major,Automated Alarm,CAPA Raised,Yes
DEV-0046,BCH-2023-0493,Banana Chips,Line A,2024-02-26 00:00:00,Feb-2024,Q1-2024,Environmental Excursion,Coliform,Supplier Non-conformance,Supplier CoA values inconsistent with in-house test,Major,External Audit,CAPA Raised,Yes
DEV-0047,BCH-2023-0817,Jackfruit Chips,Line A,2025-09-13 00:00:00,Sep-2025,Q3-2025,Raw Material Non-conformance,Process Temp,Maintenance Lapse,Calibration certificate expired — instrument quarantined,Major,Customer Complaint,Closed — Pending Verification,Yes
DEV-0048,BCH-2022-0037,Banana Chips,Line A,2022-03-15 00:00:00,Mar-2022,Q1-2022,Packaging Defect,Packaging Seal,Training Gap,Operator unaware of updated critical limit,Minor,Environmental Swab,Closed — Pending Verification,No
DEV-0049,BCH-2024-0919,Masala Peanuts,Line A,2026-02-22 00:00:00,Feb-2026,Q1-2026,Microbial OOS,TPC,Raw Material Issue,RM purity below specification — supplier fault,Major,QC Analyst,Closed — Pending Verification,Yes
DEV-0050,BCH-2024-1205,Banana Chips,Line E,2027-07-02 00:00:00,Jul-2027,Q3-2027,Physicochemical OOS,Yeast & Mold,Process Parameter Deviation,Conveyor speed inconsistency caused uneven frying,Major,QC Supervisor,Closed — Effective,Yes
DEV-0051,BCH-2022-0179,Roasted Corn,Line E,2022-10-17 00:00:00,Oct-2022,Q4-2022,Documentation Error,pH,Equipment Failure,pH meter calibration drift — monthly check,Major,Production Operator,Closed — Effective,Yes
DEV-0052,BCH-2023-0587,Roasted Corn,Line E,2024-08-04 00:00:00,Aug-2024,Q3-2024,Process Deviation,Moisture%,Human Error,Analyst used expired reagent for TPC,Major,Internal Auditor,Closed — Effective,Yes
DEV-0053,BCH-2024-1230,Sweet Potato Chips,Line F,2027-08-11 00:00:00,Aug-2027,Q3-2027,Equipment Malfunction,Purity%,Environmental Control Failure,Poor sanitation — environmental swab positive,Major,Automated Alarm,Closed — Effective,Yes
DEV-0054,BCH-2024-1041,Jackfruit Chips,Line C,2026-09-14 00:00:00,Sep-2026,Q3-2026,Environmental Excursion,Coliform,Supplier Non-conformance,Supplier changed manufacturing site without notification,Major,External Audit,Closed — Effective,Yes
DEV-0055,BCH-2022-0319,Masala Peanuts,Line A,2023-06-14 00:00:00,Jun-2023,Q2-2023,Raw Material Non-conformance,Process Temp,Maintenance Lapse,Filter replacement overdue — micro contamination risk,Critical,Customer Complaint,CAPA Raised,Yes
DEV-0056,BCH-2023-0568,Tapioca Crisps,Line D,2024-06-22 00:00:00,Jun-2024,Q2-2024,Packaging Defect,Packaging Seal,Training Gap,New analyst performed test without adequate supervision,Major,Environmental Swab,Closed — Effective,Yes
DEV-0057,BCH-2024-1110,Sweet Potato Chips,Line F,2027-01-23 00:00:00,Jan-2027,Q1-2027,Microbial OOS,TPC,Raw Material Issue,Moisture in raw ingredients elevated at goods-in,Minor,QC Analyst,Closed — Effective,Yes
DEV-0058,BCH-2022-0144,Tapioca Crisps,Line F,2022-08-21 00:00:00,Aug-2022,Q3-2022,Physicochemical OOS,Yeast & Mold,Process Parameter Deviation,Process water pH not adjusted pre-use,Major,QC Supervisor,Closed — Effective,Yes
DEV-0059,BCH-2023-0667,Roasted Corn,Line A,2025-01-07 00:00:00,Jan-2025,Q1-2025,Documentation Error,pH,Equipment Failure,Conveyor belt slippage — unplanned downtime,Minor,Production Operator,Closed — Effective,No
DEV-0060,BCH-2023-0712,Tapioca Crisps,Line D,2025-03-17 00:00:00,Mar-2025,Q1-2025,Process Deviation,Moisture%,Human Error,Wrong product code entered in LIMS,Major,Internal Auditor,Closed — Effective,Yes
DEV-0061,BCH-2024-0973,Banana Chips,Line A,2026-05-20 00:00:00,May-2026,Q2-2026,Equipment Malfunction,Purity%,Environmental Control Failure,AHU malfunction — ambient temp excursion,Critical,Automated Alarm,CAPA Raised,Yes
DEV-0062,BCH-2024-1061,Banana Chips,Line E,2026-10-17 00:00:00,Oct-2026,Q4-2026,Environmental Excursion,Coliform,Supplier Non-conformance,Packaging material lot with sub-spec barrier properties,Major,External Audit,Closed — Pending Verification,Yes
DEV-0063,BCH-2023-0612,Chickpea Snacks,Line F,2024-09-20 00:00:00,Sep-2024,Q3-2024,Raw Material Non-conformance,Process Temp,Maintenance Lapse,Preventive maintenance skipped during peak production,Minor,Customer Complaint,Closed — Effective,Yes
DEV-0064,BCH-2024-0968,Tapioca Crisps,Line B,2026-05-13 00:00:00,May-2026,Q2-2026,Packaging Defect,Packaging Seal,Training Gap,Incorrect interpretation of borderline result,Major,Environmental Swab,Closed — Effective,Yes
DEV-0065,BCH-2023-0657,Jackfruit Chips,Line C,2024-12-12 00:00:00,Dec-2024,Q4-2024,Microbial OOS,TPC,Raw Material Issue,Contaminated raw material lot passed incoming QC,Minor,QC Analyst,CAPA Raised,No
DEV-0066,BCH-2024-1019,Roasted Corn,Line E,2026-08-02 00:00:00,Aug-2026,Q3-2026,Physicochemical OOS,Yeast & Mold,Process Parameter Deviation,Frying temp dropped below spec during shift changeover,Critical,QC Supervisor,Closed — Effective,Yes
DEV-0067,BCH-2022-0326,Sweet Potato Chips,Line B,2023-06-22 00:00:00,Jun-2023,Q2-2023,Documentation Error,pH,Equipment Failure,Moisture analyser heating element degraded,Major,Production Operator,Closed — Pending Verification,Yes
DEV-0068,BCH-2022-0224,Tapioca Crisps,Line B,2023-01-03 00:00:00,Jan-2023,Q1-2023,Process Deviation,Moisture%,Human Error,Incorrect sample size for physicochemical test,Major,Internal Auditor,Closed — Effective,Yes
DEV-0069,BCH-2022-0110,Sweet Potato Chips,Line B,2022-06-25 00:00:00,Jun-2022,Q2-2022,Equipment Malfunction,Purity%,Environmental Control Failure,Condensation in packaging area,Major,Automated Alarm,Closed — Pending Verification,Yes
DEV-0070,BCH-2024-0906,Okra Chips,Line F,2026-02-04 00:00:00,Feb-2026,Q1-2026,Environmental Excursion,Coliform,Supplier Non-conformance,Batch recall from supplier due to cross-contamination,Critical,External Audit,CAPA Raised,Yes
DEV-0071,BCH-2023-0438,Sweet Potato Chips,Line F,2023-12-07 00:00:00,Dec-2023,Q4-2023,Raw Material Non-conformance,Process Temp,Maintenance Lapse,PM overdue on critical pH instrument,Major,Customer Complaint,CAPA Raised,Yes
DEV-0072,BCH-2023-0559,Masala Peanuts,Line A,2024-06-08 00:00:00,Jun-2024,Q2-2024,Packaging Defect,Packaging Seal,Training Gap,SOP revision not communicated to night shift,Major,Environmental Swab,Closed — Effective,Yes
DEV-0073,BCH-2022-0094,Sweet Potato Chips,Line D,2022-05-29 00:00:00,May-2022,Q2-2022,Microbial OOS,TPC,Raw Material Issue,Supplier batch YM count borderline on CoA,Major,QC Analyst,Closed — Effective,Yes
DEV-0074,BCH-2022-0268,Chickpea Snacks,Line D,2023-03-19 00:00:00,Mar-2023,Q1-2023,Physicochemical OOS,Yeast & Mold,Process Parameter Deviation,Oil temperature overshoot — thermostat drift,Major,QC Supervisor,Closed — Effective,Yes
DEV-0075,BCH-2023-0837,Banana Chips,Line C,2025-10-16 00:00:00,Oct-2025,Q4-2025,Documentation Error,pH,Equipment Failure,Packaging seal integrity failure,Major,Production Operator,Closed — Pending Verification,Yes
DEV-0076,BCH-2023-0669,Banana Chips,Line C,2025-01-10 00:00:00,Jan-2025,Q1-2025,Process Deviation,Moisture%,Human Error,BMR entry not completed contemporaneously,Major,Internal Auditor,Closed — Effective,Yes
DEV-0077,BCH-2023-0756,Chickpea Snacks,Line F,2025-05-27 00:00:00,May-2025,Q2-2025,Equipment Malfunction,Purity%,Environmental Control Failure,Cold storage compressor failure — temp excursion,Major,Automated Alarm,CAPA Raised,Yes
DEV-0078,BCH-2024-1064,Tapioca Crisps,Line B,2026-10-24 00:00:00,Oct-2026,Q4-2026,Environmental Excursion,Coliform,Supplier Non-conformance,Incorrect labelling on raw material bags,Minor,External Audit,Closed — Effective,No
DEV-0079,BCH-2024-0945,Jackfruit Chips,Line C,2026-04-05 00:00:00,Apr-2026,Q2-2026,Raw Material Non-conformance,Process Temp,Maintenance Lapse,Equipment MTTR exceeded SLA — production delay,Minor,Customer Complaint,Closed — Effective,Yes
DEV-0080,BCH-2024-1113,Jackfruit Chips,Line C,2027-01-26 00:00:00,Jan-2027,Q1-2027,Packaging Defect,Packaging Seal,Training Gap,Training records incomplete for promoted QC officer,Major,Environmental Swab,Closed — Pending Verification,Yes
DEV-0081,BCH-2023-0656,Tapioca Crisps,Line B,2024-12-05 00:00:00,Dec-2024,Q4-2024,Microbial OOS,TPC,Raw Material Issue,Incoming RM lot TPC exceeded baseline by 2x,Major,QC Analyst,Closed — Effective,Yes
DEV-0082,BCH-2024-1023,Masala Peanuts,Line C,2026-08-14 00:00:00,Aug-2026,Q3-2026,Physicochemical OOS,Yeast & Mold,Process Parameter Deviation,Blanching time reduced due to PLC timing error,Major,QC Supervisor,Closed — Effective,Yes
DEV-0083,BCH-2023-0582,Sweet Potato Chips,Line F,2024-07-28 00:00:00,Jul-2024,Q3-2024,Documentation Error,pH,Equipment Failure,Autoclave pressure sensor malfunction,Major,Production Operator,Closed — Effective,Yes
DEV-0084,BCH-2022-0095,Masala Peanuts,Line E,2022-05-30 00:00:00,May-2022,Q2-2022,Process Deviation,Moisture%,Human Error,Test skipped — analyst assumed pass from previous batch,Major,Internal Auditor,Closed — Pending Verification,Yes
DEV-0085,BCH-2024-1068,Chickpea Snacks,Line F,2026-11-03 00:00:00,Nov-2026,Q4-2026,Equipment Malfunction,Purity%,Environmental Control Failure,Pest ingress — production line suspended,Major,Automated Alarm,Closed — Effective,Yes
DEV-0086,BCH-2024-0950,Sweet Potato Chips,Line B,2026-04-11 00:00:00,Apr-2026,Q2-2026,Environmental Excursion,Coliform,Supplier Non-conformance,Supplier CoA values inconsistent with in-house test,Minor,External Audit,CAPA Raised,Yes
DEV-0087,BCH-2024-0933,Banana Chips,Line C,2026-03-11 00:00:00,Mar-2026,Q1-2026,Raw Material Non-conformance,Process Temp,Maintenance Lapse,Calibration certificate expired — instrument quarantined,Minor,Customer Complaint,Closed — Effective,Yes
DEV-0088,BCH-2024-1106,Okra Chips,Line B,2027-01-15 00:00:00,Jan-2027,Q1-2027,Packaging Defect,Packaging Seal,Training Gap,Operator unaware of updated critical limit,Minor,Environmental Swab,Open,Yes
DEV-0089,BCH-2022-0101,Banana Chips,Line E,2022-06-12 00:00:00,Jun-2022,Q2-2022,Microbial OOS,TPC,Raw Material Issue,RM purity below specification — supplier fault,Major,QC Analyst,Closed — Effective,Yes
DEV-0090,BCH-2022-0244,Chickpea Snacks,Line D,2023-02-04 00:00:00,Feb-2023,Q1-2023,Physicochemical OOS,Yeast & Mold,Process Parameter Deviation,Conveyor speed inconsistency caused uneven frying,Minor,QC Supervisor,Under Investigation,Yes
DEV-0091,BCH-2023-0809,Jackfruit Chips,Line E,2025-09-01 00:00:00,Aug-2025,Q3-2025,Documentation Error,pH,Equipment Failure,pH meter calibration drift — monthly check,Major,Production Operator,Closed — Effective,Yes
DEV-0092,BCH-2023-0630,Sweet Potato Chips,Line F,2024-10-23 00:00:00,Oct-2024,Q4-2024,Process Deviation,Moisture%,Human Error,Analyst used expired reagent for TPC,Major,Internal Auditor,Closed — Effective,Yes
DEV-0093,BCH-2024-1247,Masala Peanuts,Line E,2027-09-18 00:00:00,Sep-2027,Q3-2027,Equipment Malfunction,Purity%,Environmental Control Failure,Poor sanitation — environmental swab positive,Major,Automated Alarm,Closed — Effective,Yes
DEV-0094,BCH-2022-0133,Banana Chips,Line A,2022-08-06 00:00:00,Aug-2022,Q3-2022,Environmental Excursion,Coliform,Supplier Non-conformance,Supplier changed manufacturing site without notification,Minor,External Audit,CAPA Raised,Yes
DEV-0095,BCH-2023-0421,Banana Chips,Line A,2023-11-09 00:00:00,Nov-2023,Q4-2023,Raw Material Non-conformance,Process Temp,Maintenance Lapse,Filter replacement overdue — micro contamination risk,Major,Customer Complaint,Closed — Pending Verification,Yes
DEV-0096,BCH-2023-0790,Sweet Potato Chips,Line D,2025-07-26 00:00:00,Jul-2025,Q3-2025,Packaging Defect,Packaging Seal,Training Gap,New analyst performed test without adequate supervision,Critical,Environmental Swab,CAPA Raised,Yes
DEV-0097,BCH-2023-0439,Masala Peanuts,Line A,2023-12-10 00:00:00,Dec-2023,Q4-2023,Microbial OOS,TPC,Raw Material Issue,Moisture in raw ingredients elevated at goods-in,Major,QC Analyst,Closed — Effective,Yes
DEV-0098,BCH-2023-0565,Banana Chips,Line A,2024-06-18 00:00:00,Jun-2024,Q2-2024,Physicochemical OOS,Yeast & Mold,Process Parameter Deviation,Process water pH not adjusted pre-use,Major,QC Supervisor,Closed — Pending Verification,Yes
DEV-0099,BCH-2024-1119,Masala Peanuts,Line C,2027-02-05 00:00:00,Feb-2027,Q1-2027,Documentation Error,pH,Equipment Failure,Conveyor belt slippage — unplanned downtime,Major,Production Operator,CAPA Raised,Yes
DEV-0100,BCH-2023-0834,Okra Chips,Line F,2025-10-11 00:00:00,Oct-2025,Q4-2025,Process Deviation,Moisture%,Human Error,Wrong product code entered in LIMS,Minor,Internal Auditor,Closed — Effective,Yes
DEV-0101,BCH-2023-0591,Masala Peanuts,Line C,2024-08-11 00:00:00,Aug-2024,Q3-2024,Equipment Malfunction,Purity%,Environmental Control Failure,AHU malfunction — ambient temp excursion,Major,Automated Alarm,Closed — Effective,Yes
DEV-0102,BCH-2023-0811,Roasted Corn,Line A,2025-09-03 00:00:00,Sep-2025,Q3-2025,Environmental Excursion,Coliform,Supplier Non-conformance,Packaging material lot with sub-spec barrier properties,Major,External Audit,Closed — Effective,Yes
DEV-0103,BCH-2022-0221,Banana Chips,Line E,2022-12-27 00:00:00,Dec-2022,Q4-2022,Raw Material Non-conformance,Process Temp,Maintenance Lapse,Preventive maintenance skipped during peak production,Major,Customer Complaint,Closed — Effective,Yes
DEV-0104,BCH-2024-1137,Jackfruit Chips,Line C,2027-03-05 00:00:00,Mar-2027,Q1-2027,Packaging Defect,Packaging Seal,Training Gap,Incorrect interpretation of borderline result,Major,Environmental Swab,Closed — Effective,Yes
DEV-0105,BCH-2024-1182,Sweet Potato Chips,Line F,2027-05-20 00:00:00,May-2027,Q2-2027,Microbial OOS,TPC,Raw Material Issue,Contaminated raw material lot passed incoming QC,Major,QC Analyst,Closed — Pending Verification,Yes
DEV-0106,BCH-2024-1024,Tapioca Crisps,Line D,2026-08-15 00:00:00,Aug-2026,Q3-2026,Physicochemical OOS,Yeast & Mold,Process Parameter Deviation,Frying temp dropped below spec during shift changeover,Major,QC Supervisor,CAPA Raised,Yes
DEV-0107,BCH-2022-0384,Tapioca Crisps,Line F,2023-09-14 00:00:00,Sep-2023,Q3-2023,Documentation Error,pH,Equipment Failure,Moisture analyser heating element degraded,Minor,Production Operator,Closed — Effective,Yes
DEV-0108,BCH-2024-0935,Masala Peanuts,Line E,2026-03-19 00:00:00,Mar-2026,Q1-2026,Process Deviation,Moisture%,Human Error,Incorrect sample size for physicochemical test,Major,Internal Auditor,Closed — Effective,Yes
DEV-0109,BCH-2024-1154,Okra Chips,Line B,2027-04-04 00:00:00,Apr-2027,Q2-2027,Equipment Malfunction,Purity%,Environmental Control Failure,Condensation in packaging area,Major,Automated Alarm,Closed — Pending Verification,Yes
DEV-0110,BCH-2024-1225,Jackfruit Chips,Line A,2027-07-29 00:00:00,Jul-2027,Q3-2027,Environmental Excursion,Coliform,Supplier Non-conformance,Batch recall from supplier due to cross-contamination,Minor,External Audit,Closed — Effective,Yes
DEV-0111,BCH-2023-0556,Chickpea Snacks,Line D,2024-06-03 00:00:00,Jun-2024,Q2-2024,Raw Material Non-conformance,Process Temp,Maintenance Lapse,PM overdue on critical pH instrument,Major,Customer Complaint,CAPA Raised,Yes
DEV-0112,BCH-2023-0589,Banana Chips,Line A,2024-08-07 00:00:00,Aug-2024,Q3-2024,Packaging Defect,Packaging Seal,Training Gap,SOP revision not communicated to night shift,Major,Environmental Swab,Closed — Effective,Yes
DEV-0113,BCH-2022-0261,Banana Chips,Line C,2023-03-06 00:00:00,Mar-2023,Q1-2023,Microbial OOS,TPC,Raw Material Issue,Supplier batch YM count borderline on CoA,Major,QC Analyst,CAPA Raised,Yes
DEV-0114,BCH-2023-0649,Jackfruit Chips,Line A,2024-11-21 00:00:00,Nov-2024,Q4-2024,Physicochemical OOS,Yeast & Mold,Process Parameter Deviation,Oil temperature overshoot — thermostat drift,Critical,QC Supervisor,CAPA Raised,Yes
DEV-0115,BCH-2023-0750,Sweet Potato Chips,Line F,2025-05-17 00:00:00,May-2025,Q2-2025,Documentation Error,pH,Equipment Failure,Packaging seal integrity failure,Minor,Production Operator,Closed — Pending Verification,Yes
DEV-0116,BCH-2024-1184,Tapioca Crisps,Line B,2027-05-24 00:00:00,May-2027,Q2-2027,Process Deviation,Moisture%,Human Error,BMR entry not completed contemporaneously,Major,Internal Auditor,Closed — Effective,Yes
DEV-0117,BCH-2022-0372,Chickpea Snacks,Line F,2023-08-23 00:00:00,Aug-2023,Q3-2023,Equipment Malfunction,Purity%,Environmental Control Failure,Cold storage compressor failure — temp excursion,Critical,Automated Alarm,Closed — Effective,Yes
DEV-0118,BCH-2022-0064,Tapioca Crisps,Line D,2022-04-23 00:00:00,Apr-2022,Q2-2022,Environmental Excursion,Coliform,Supplier Non-conformance,Incorrect labelling on raw material bags,Major,External Audit,CAPA Raised,Yes
DEV-0119,BCH-2023-0808,Tapioca Crisps,Line D,2025-08-31 00:00:00,Aug-2025,Q3-2025,Raw Material Non-conformance,Process Temp,Maintenance Lapse,Equipment MTTR exceeded SLA — production delay,Minor,Customer Complaint,Closed — Effective,No
DEV-0120,BCH-2024-1224,Tapioca Crisps,Line F,2027-07-27 00:00:00,Jul-2027,Q3-2027,Packaging Defect,Packaging Seal,Training Gap,Training records incomplete for promoted QC officer,Major,Environmental Swab,CAPA Raised,Yes
DEV-0121,BCH-2022-0340,Chickpea Snacks,Line D,2023-07-16 00:00:00,Jul-2023,Q3-2023,Microbial OOS,TPC,Raw Material Issue,Incoming RM lot TPC exceeded baseline by 2x,Minor,QC Analyst,Closed — Effective,No
DEV-0122,BCH-2023-0554,Okra Chips,Line B,2024-06-01 00:00:00,May-2024,Q2-2024,Physicochemical OOS,Yeast & Mold,Process Parameter Deviation,Blanching time reduced due to PLC timing error,Minor,QC Supervisor,Closed — Effective,No
DEV-0123,BCH-2023-0678,Sweet Potato Chips,Line F,2025-01-24 00:00:00,Jan-2025,Q1-2025,Documentation Error,pH,Equipment Failure,Autoclave pressure sensor malfunction,Major,Production Operator,Closed — Pending Verification,Yes
DEV-0124,BCH-2022-0328,Tapioca Crisps,Line D,2023-06-26 00:00:00,Jun-2023,Q2-2023,Process Deviation,Moisture%,Human Error,Test skipped — analyst assumed pass from previous batch,Critical,Internal Auditor,Closed — Effective,Yes
DEV-0125,BCH-2024-1047,Masala Peanuts,Line C,2026-09-21 00:00:00,Sep-2026,Q3-2026,Equipment Malfunction,Purity%,Environmental Control Failure,Pest ingress — production line suspended,Major,Automated Alarm,CAPA Raised,Yes
DEV-0126,BCH-2023-0797,Banana Chips,Line E,2025-08-05 00:00:00,Aug-2025,Q3-2025,Environmental Excursion,Coliform,Supplier Non-conformance,Supplier CoA values inconsistent with in-house test,Minor,External Audit,CAPA Raised,No
DEV-0127,BCH-2024-1177,Jackfruit Chips,Line A,2027-05-13 00:00:00,May-2027,Q2-2027,Raw Material Non-conformance,Process Temp,Maintenance Lapse,Calibration certificate expired — instrument quarantined,Minor,Customer Complaint,Closed — Effective,Yes
DEV-0128,BCH-2022-0409,Jackfruit Chips,Line A,2023-10-20 00:00:00,Oct-2023,Q4-2023,Packaging Defect,Packaging Seal,Training Gap,Operator unaware of updated critical limit,Major,Environmental Swab,CAPA Raised,Yes
DEV-0129,BCH-2023-0460,Chickpea Snacks,Line D,2024-01-10 00:00:00,Jan-2024,Q1-2024,Microbial OOS,TPC,Raw Material Issue,RM purity below specification — supplier fault,Major,QC Analyst,CAPA Raised,Yes
DEV-0130,BCH-2024-1103,Masala Peanuts,Line E,2027-01-08 00:00:00,Jan-2027,Q1-2027,Physicochemical OOS,Yeast & Mold,Process Parameter Deviation,Conveyor speed inconsistency caused uneven frying,Minor,QC Supervisor,Closed — Effective,No
DEV-0131,BCH-2022-0272,Tapioca Crisps,Line B,2023-03-24 00:00:00,Mar-2023,Q1-2023,Documentation Error,pH,Equipment Failure,pH meter calibration drift — monthly check,Major,Production Operator,Closed — Effective,Yes
DEV-0132,BCH-2023-0600,Tapioca Crisps,Line F,2024-09-02 00:00:00,Sep-2024,Q3-2024,Process Deviation,Moisture%,Human Error,Analyst used expired reagent for TPC,Major,Internal Auditor,Closed — Effective,Yes
DEV-0133,BCH-2022-0123,Roasted Corn,Line C,2022-07-16 00:00:00,Jul-2022,Q3-2022,Equipment Malfunction,Purity%,Environmental Control Failure,Poor sanitation — environmental swab positive,Major,Automated Alarm,CAPA Raised,Yes
DEV-0134,BCH-2024-0861,Banana Chips,Line C,2025-11-25 00:00:00,Nov-2025,Q4-2025,Environmental Excursion,Coliform,Supplier Non-conformance,Supplier changed manufacturing site without notification,Critical,External Audit,Closed — Effective,Yes
DEV-0135,BCH-2022-0318,Sweet Potato Chips,Line F,2023-06-11 00:00:00,Jun-2023,Q2-2023,Raw Material Non-conformance,Process Temp,Maintenance Lapse,Filter replacement overdue — micro contamination risk,Critical,Customer Complaint,Closed — Effective,Yes
DEV-0136,BCH-2024-1165,Banana Chips,Line A,2027-04-27 00:00:00,Apr-2027,Q2-2027,Packaging Defect,Packaging Seal,Training Gap,New analyst performed test without adequate supervision,Major,Environmental Swab,Closed — Pending Verification,Yes
DEV-0137,BCH-2023-0622,Sweet Potato Chips,Line D,2024-10-11 00:00:00,Oct-2024,Q4-2024,Microbial OOS,TPC,Raw Material Issue,Moisture in raw ingredients elevated at goods-in,Minor,QC Analyst,CAPA Raised,Yes
DEV-0138,BCH-2024-1095,Masala Peanuts,Line C,2026-12-24 00:00:00,Dec-2026,Q4-2026,Physicochemical OOS,Yeast & Mold,Process Parameter Deviation,Process water pH not adjusted pre-use,Minor,QC Supervisor,Closed — Pending Verification,Yes
DEV-0139,BCH-2022-0163,Roasted Corn,Line A,2022-09-17 00:00:00,Sep-2022,Q3-2022,Documentation Error,pH,Equipment Failure,Conveyor belt slippage — unplanned downtime,Major,Production Operator,CAPA Raised,Yes
DEV-0140,BCH-2024-1014,Sweet Potato Chips,Line F,2026-07-20 00:00:00,Jul-2026,Q3-2026,Process Deviation,Moisture%,Human Error,Wrong product code entered in LIMS,Major,Internal Auditor,Closed — Effective,Yes
DEV-0141,BCH-2022-0213,Banana Chips,Line C,2022-12-19 00:00:00,Dec-2022,Q4-2022,Equipment Malfunction,Purity%,Environmental Control Failure,AHU malfunction — ambient temp excursion,Critical,Automated Alarm,Closed — Effective,Yes
DEV-0142,BCH-2022-0016,Tapioca Crisps,Line D,2022-01-30 00:00:00,Jan-2022,Q1-2022,Environmental Excursion,Coliform,Supplier Non-conformance,Packaging material lot with sub-spec barrier properties,Critical,External Audit,Closed — Effective,Yes
DEV-0143,BCH-2023-0772,Chickpea Snacks,Line D,2025-06-20 00:00:00,Jun-2025,Q2-2025,Raw Material Non-conformance,Process Temp,Maintenance Lapse,Preventive maintenance skipped during peak production,Major,Customer Complaint,Closed — Pending Verification,Yes
DEV-0144,BCH-2024-1105,Jackfruit Chips,Line A,2027-01-14 00:00:00,Jan-2027,Q1-2027,Packaging Defect,Packaging Seal,Training Gap,Incorrect interpretation of borderline result,Critical,Environmental Swab,Closed — Effective,Yes
DEV-0145,BCH-2022-0222,Sweet Potato Chips,Line F,2022-12-28 00:00:00,Dec-2022,Q4-2022,Microbial OOS,TPC,Raw Material Issue,Contaminated raw material lot passed incoming QC,Major,QC Analyst,Closed — Effective,Yes
DEV-0146,BCH-2024-1059,Roasted Corn,Line C,2026-10-15 00:00:00,Oct-2026,Q4-2026,Physicochemical OOS,Yeast & Mold,Process Parameter Deviation,Frying temp dropped below spec during shift changeover,Major,QC Supervisor,Closed — Pending Verification,Yes
DEV-0147,BCH-2022-0368,Tapioca Crisps,Line B,2023-08-19 00:00:00,Aug-2023,Q3-2023,Documentation Error,pH,Equipment Failure,Moisture analyser heating element degraded,Critical,Production Operator,Closed — Effective,Yes
DEV-0148,BCH-2022-0015,Masala Peanuts,Line C,2022-01-29 00:00:00,Jan-2022,Q1-2022,Process Deviation,Moisture%,Human Error,Incorrect sample size for physicochemical test,Major,Internal Auditor,Closed — Effective,Yes
DEV-0149,BCH-2023-0508,Chickpea Snacks,Line D,2024-03-24 00:00:00,Mar-2024,Q1-2024,Equipment Malfunction,Purity%,Environmental Control Failure,Condensation in packaging area,Major,Automated Alarm,Closed — Effective,Yes
DEV-0150,BCH-2024-1000,Tapioca Crisps,Line D,2026-06-30 00:00:00,Jun-2026,Q2-2026,Environmental Excursion,Coliform,Supplier Non-conformance,Batch recall from supplier due to cross-contamination,Major,External Audit,Closed — Pending Verification,Yes
DEV-0151,BCH-2022-0332,Chickpea Snacks,Line B,2023-07-01 00:00:00,Jun-2023,Q2-2023,Raw Material Non-conformance,Process Temp,Maintenance Lapse,PM overdue on critical pH instrument,Minor,Customer Complaint,Closed — Effective,Yes
DEV-0152,BCH-2023-0551,Masala Peanuts,Line E,2024-05-27 00:00:00,May-2024,Q2-2024,Packaging Defect,Packaging Seal,Training Gap,SOP revision not communicated to night shift,Major,Environmental Swab,Closed — Effective,Yes
DEV-0153,BCH-2023-0839,Masala Peanuts,Line E,2025-10-19 00:00:00,Oct-2025,Q4-2025,Microbial OOS,TPC,Raw Material Issue,Supplier batch YM count borderline on CoA,Major,QC Analyst,Closed — Effective,Yes
DEV-0154,BCH-2024-1046,Sweet Potato Chips,Line B,2026-09-20 00:00:00,Sep-2026,Q3-2026,Physicochemical OOS,Yeast & Mold,Process Parameter Deviation,Oil temperature overshoot — thermostat drift,Major,QC Supervisor,Closed — Pending Verification,Yes
DEV-0155,BCH-2024-1222,Sweet Potato Chips,Line D,2027-07-25 00:00:00,Jul-2027,Q3-2027,Documentation Error,pH,Equipment Failure,Packaging seal integrity failure,Major,Production Operator,CAPA Raised,Yes
DEV-0156,BCH-2023-0673,Jackfruit Chips,Line A,2025-01-14 00:00:00,Jan-2025,Q1-2025,Process Deviation,Moisture%,Human Error,BMR entry not completed contemporaneously,Major,Internal Auditor,Closed — Effective,Yes
DEV-0157,BCH-2022-0325,Banana Chips,Line A,2023-06-21 00:00:00,Jun-2023,Q2-2023,Equipment Malfunction,Purity%,Environmental Control Failure,Cold storage compressor failure — temp excursion,Critical,Automated Alarm,Closed — Effective,Yes
DEV-0158,BCH-2023-0520,Tapioca Crisps,Line D,2024-04-17 00:00:00,Apr-2024,Q2-2024,Environmental Excursion,Coliform,Supplier Non-conformance,Incorrect labelling on raw material bags,Minor,External Audit,CAPA Raised,Yes
DEV-0159,BCH-2023-0714,Okra Chips,Line F,2025-03-24 00:00:00,Mar-2025,Q1-2025,Raw Material Non-conformance,Process Temp,Maintenance Lapse,Equipment MTTR exceeded SLA — production delay,Major,Customer Complaint,Closed — Effective,Yes
DEV-0160,BCH-2024-1038,Sweet Potato Chips,Line F,2026-09-10 00:00:00,Sep-2026,Q3-2026,Packaging Defect,Packaging Seal,Training Gap,Training records incomplete for promoted QC officer,Major,Environmental Swab,Closed — Effective,Yes
DEV-0161,BCH-2024-0989,Banana Chips,Line E,2026-06-10 00:00:00,Jun-2026,Q2-2026,Microbial OOS,TPC,Raw Material Issue,Incoming RM lot TPC exceeded baseline by 2x,Critical,QC Analyst,Closed — Effective,Yes
DEV-0162,BCH-2024-1102,Sweet Potato Chips,Line D,2027-01-07 00:00:00,Jan-2027,Q1-2027,Physicochemical OOS,Yeast & Mold,Process Parameter Deviation,Blanching time reduced due to PLC timing error,Major,QC Supervisor,Closed — Effective,Yes
DEV-0163,BCH-2022-0228,Chickpea Snacks,Line F,2023-01-15 00:00:00,Jan-2023,Q1-2023,Documentation Error,pH,Equipment Failure,Autoclave pressure sensor malfunction,Minor,Production Operator,CAPA Raised,Yes
DEV-0164,BCH-2023-0700,Chickpea Snacks,Line D,2025-02-20 00:00:00,Feb-2025,Q1-2025,Process Deviation,Moisture%,Human Error,Test skipped — analyst assumed pass from previous batch,Minor,Internal Auditor,Closed — Pending Verification,Yes
DEV-0165,BCH-2023-0458,Okra Chips,Line B,2024-01-08 00:00:00,Jan-2024,Q1-2024,Equipment Malfunction,Purity%,Environmental Control Failure,Pest ingress — production line suspended,Minor,Automated Alarm,Closed — Effective,No
DEV-0166,BCH-2023-0512,Tapioca Crisps,Line B,2024-04-05 00:00:00,Apr-2024,Q2-2024,Environmental Excursion,Coliform,Supplier Non-conformance,Supplier CoA values inconsistent with in-house test,Minor,External Audit,Closed — Effective,Yes
DEV-0167,BCH-2024-0847,Masala Peanuts,Line A,2025-11-03 00:00:00,Nov-2025,Q4-2025,Raw Material Non-conformance,Process Temp,Maintenance Lapse,Calibration certificate expired — instrument quarantined,Major,Customer Complaint,Closed — Effective,Yes
DEV-0168,BCH-2022-0181,Banana Chips,Line A,2022-10-21 00:00:00,Oct-2022,Q4-2022,Packaging Defect,Packaging Seal,Training Gap,Operator unaware of updated critical limit,Critical,Environmental Swab,Closed — Effective,Yes
DEV-0169,BCH-2024-1228,Chickpea Snacks,Line D,2027-08-02 00:00:00,Aug-2027,Q3-2027,Microbial OOS,TPC,Raw Material Issue,RM purity below specification — supplier fault,Critical,QC Analyst,Closed — Effective,Yes
DEV-0170,BCH-2024-1081,Jackfruit Chips,Line A,2026-11-29 00:00:00,Nov-2026,Q4-2026,Physicochemical OOS,Yeast & Mold,Process Parameter Deviation,Conveyor speed inconsistency caused uneven frying,Major,QC Supervisor,Closed — Effective,Yes
DEV-0171,BCH-2024-1097,Jackfruit Chips,Line E,2026-12-26 00:00:00,Dec-2026,Q4-2026,Documentation Error,pH,Equipment Failure,pH meter calibration drift — monthly check,Minor,Production Operator,Closed — Effective,Yes
DEV-0172,BCH-2024-0887,Masala Peanuts,Line E,2026-01-02 00:00:00,Jan-2026,Q1-2026,Process Deviation,Moisture%,Human Error,Analyst used expired reagent for TPC,Minor,Internal Auditor,Closed — Pending Verification,Yes
DEV-0173,BCH-2023-0818,Okra Chips,Line B,2025-09-15 00:00:00,Sep-2025,Q3-2025,Equipment Malfunction,Purity%,Environmental Control Failure,Poor sanitation — environmental swab positive,Major,Automated Alarm,Closed — Effective,Yes
DEV-0174,BCH-2022-0307,Roasted Corn,Line A,2023-05-24 00:00:00,May-2023,Q2-2023,Environmental Excursion,Coliform,Supplier Non-conformance,Supplier changed manufacturing site without notification,Major,External Audit,Closed — Pending Verification,Yes
DEV-0175,BCH-2022-0209,Jackfruit Chips,Line E,2022-12-07 00:00:00,Dec-2022,Q4-2022,Raw Material Non-conformance,Process Temp,Maintenance Lapse,Filter replacement overdue — micro contamination risk,Major,Customer Complaint,Closed — Pending Verification,Yes
DEV-0176,BCH-2022-0180,Chickpea Snacks,Line F,2022-10-18 00:00:00,Oct-2022,Q4-2022,Packaging Defect,Packaging Seal,Training Gap,New analyst performed test without adequate supervision,Major,Environmental Swab,Closed — Pending Verification,Yes
DEV-0177,BCH-2023-0576,Tapioca Crisps,Line F,2024-07-18 00:00:00,Jul-2024,Q3-2024,Microbial OOS,TPC,Raw Material Issue,Moisture in raw ingredients elevated at goods-in,Major,QC Analyst,Closed — Effective,Yes
DEV-0178,BCH-2023-0562,Okra Chips,Line D,2024-06-11 00:00:00,Jun-2024,Q2-2024,Physicochemical OOS,Yeast & Mold,Process Parameter Deviation,Process water pH not adjusted pre-use,Major,QC Supervisor,CAPA Raised,Yes
DEV-0179,BCH-2022-0358,Sweet Potato Chips,Line D,2023-08-08 00:00:00,Aug-2023,Q3-2023,Documentation Error,pH,Equipment Failure,Conveyor belt slippage — unplanned downtime,Major,Production Operator,Closed — Pending Verification,Yes
DEV-0180,BCH-2024-0961,Jackfruit Chips,Line A,2026-04-30 00:00:00,Apr-2026,Q2-2026,Process Deviation,Moisture%,Human Error,Wrong product code entered in LIMS,Major,Internal Auditor,CAPA Raised,Yes
DEV-0181,BCH-2024-1193,Jackfruit Chips,Line E,2027-06-13 00:00:00,Jun-2027,Q2-2027,Equipment Malfunction,Purity%,Environmental Control Failure,AHU malfunction — ambient temp excursion,Critical,Automated Alarm,Closed — Effective,Yes
DEV-0182,BCH-2023-0539,Roasted Corn,Line E,2024-05-13 00:00:00,May-2024,Q2-2024,Environmental Excursion,Coliform,Supplier Non-conformance,Packaging material lot with sub-spec barrier properties,Major,External Audit,Closed — Effective,Yes
DEV-0183,BCH-2023-0597,Banana Chips,Line C,2024-08-24 00:00:00,Aug-2024,Q3-2024,Raw Material Non-conformance,Process Temp,Maintenance Lapse,Preventive maintenance skipped during peak production,Major,Customer Complaint,Closed — Pending Verification,Yes
DEV-0184,BCH-2022-0196,Chickpea Snacks,Line D,2022-11-17 00:00:00,Nov-2022,Q4-2022,Packaging Defect,Packaging Seal,Training Gap,Incorrect interpretation of borderline result,Major,Environmental Swab,CAPA Raised,Yes
DEV-0185,BCH-2022-0235,Roasted Corn,Line A,2023-01-24 00:00:00,Jan-2023,Q1-2023,Microbial OOS,TPC,Raw Material Issue,Contaminated raw material lot passed incoming QC,Major,QC Analyst,CAPA Raised,Yes
DEV-0186,BCH-2024-1179,Roasted Corn,Line C,2027-05-17 00:00:00,May-2027,Q2-2027,Physicochemical OOS,Yeast & Mold,Process Parameter Deviation,Frying temp dropped below spec during shift changeover,Major,QC Supervisor,Closed — Effective,Yes
DEV-0187,BCH-2023-0675,Roasted Corn,Line C,2025-01-20 00:00:00,Jan-2025,Q1-2025,Documentation Error,pH,Equipment Failure,Moisture analyser heating element degraded,Major,Production Operator,CAPA Raised,Yes
DEV-0188,BCH-2023-0779,Roasted Corn,Line E,2025-07-10 00:00:00,Jul-2025,Q3-2025,Process Deviation,Moisture%,Human Error,Incorrect sample size for physicochemical test,Minor,Internal Auditor,Open,Yes
DEV-0189,BCH-2024-1007,Masala Peanuts,Line E,2026-07-13 00:00:00,Jul-2026,Q3-2026,Equipment Malfunction,Purity%,Environmental Control Failure,Condensation in packaging area,Major,Automated Alarm,Closed — Effective,Yes
DEV-0190,BCH-2024-0985,Jackfruit Chips,Line A,2026-06-03 00:00:00,Jun-2026,Q2-2026,Environmental Excursion,Coliform,Supplier Non-conformance,Batch recall from supplier due to cross-contamination,Critical,External Audit,Closed — Effective,Yes
DEV-0191,BCH-2023-0658,Okra Chips,Line D,2024-12-17 00:00:00,Dec-2024,Q4-2024,Raw Material Non-conformance,Process Temp,Maintenance Lapse,PM overdue on critical pH instrument,Major,Customer Complaint,Closed — Effective,Yes
DEV-0192,BCH-2024-0921,Jackfruit Chips,Line C,2026-02-24 00:00:00,Feb-2026,Q1-2026,Packaging Defect,Packaging Seal,Training Gap,SOP revision not communicated to night shift,Critical,Environmental Swab,Closed — Effective,Yes
DEV-0193,BCH-2024-1173,Banana Chips,Line C,2027-05-08 00:00:00,May-2027,Q2-2027,Microbial OOS,TPC,Raw Material Issue,Supplier batch YM count borderline on CoA,Major,QC Analyst,CAPA Raised,Yes
DEV-0194,BCH-2022-0152,Tapioca Crisps,Line B,2022-09-03 00:00:00,Sep-2022,Q3-2022,Physicochemical OOS,Yeast & Mold,Process Parameter Deviation,Oil temperature overshoot — thermostat drift,Major,QC Supervisor,CAPA Raised,Yes
DEV-0195,BCH-2022-0097,Jackfruit Chips,Line A,2022-06-03 00:00:00,Jun-2022,Q2-2022,Documentation Error,pH,Equipment Failure,Packaging seal integrity failure,Critical,Production Operator,Closed — Effective,Yes
DEV-0196,BCH-2023-0737,Jackfruit Chips,Line E,2025-04-24 00:00:00,Apr-2025,Q2-2025,Process Deviation,Moisture%,Human Error,BMR entry not completed contemporaneously,Critical,Internal Auditor,Closed — Effective,Yes
DEV-0197,BCH-2022-0001,Jackfruit Chips,Line A,2022-01-04 00:00:00,Jan-2022,Q1-2022,Equipment Malfunction,Purity%,Environmental Control Failure,Cold storage compressor failure — temp excursion,Major,Automated Alarm,CAPA Raised,Yes
DEV-0198,BCH-2024-0932,Chickpea Snacks,Line B,2026-03-09 00:00:00,Mar-2026,Q1-2026,Environmental Excursion,Coliform,Supplier Non-conformance,Incorrect labelling on raw material bags,Major,External Audit,Closed — Effective,Yes
DEV-0199,BCH-2022-0262,Sweet Potato Chips,Line D,2023-03-08 00:00:00,Mar-2023,Q1-2023,Raw Material Non-conformance,Process Temp,Maintenance Lapse,Equipment MTTR exceeded SLA — production delay,Minor,Customer Complaint,Closed — Effective,Yes
DEV-0200,BCH-2024-1169,Jackfruit Chips,Line E,2027-05-04 00:00:00,May-2027,Q2-2027,Packaging Defect,Packaging Seal,Training Gap,Training records incomplete for promoted QC officer,Major,Environmental Swab,Closed — Effective,Yes
DEV-0201,BCH-2022-0413,Banana Chips,Line E,2023-10-28 00:00:00,Oct-2023,Q4-2023,Microbial OOS,TPC,Raw Material Issue,Incoming RM lot TPC exceeded baseline by 2x,Major,QC Analyst,Closed — Effective,Yes
DEV-0202,BCH-2022-0047,Masala Peanuts,Line E,2022-03-30 00:00:00,Mar-2022,Q1-2022,Physicochemical OOS,Yeast & Mold,Process Parameter Deviation,Blanching time reduced due to PLC timing error,Major,QC Supervisor,Closed — Effective,Yes
DEV-0203,BCH-2024-1086,Sweet Potato Chips,Line F,2026-12-04 00:00:00,Dec-2026,Q4-2026,Documentation Error,pH,Equipment Failure,Autoclave pressure sensor malfunction,Major,Production Operator,Closed — Pending Verification,Yes
DEV-0204,BCH-2024-1079,Masala Peanuts,Line E,2026-11-25 00:00:00,Nov-2026,Q4-2026,Process Deviation,Moisture%,Human Error,Test skipped — analyst assumed pass from previous batch,Major,Internal Auditor,Closed — Effective,Yes
DEV-0205,BCH-2024-0939,Roasted Corn,Line C,2026-03-24 00:00:00,Mar-2026,Q1-2026,Equipment Malfunction,Purity%,Environmental Control Failure,Pest ingress — production line suspended,Major,Automated Alarm,Closed — Effective,Yes
DEV-0206,BCH-2023-0555,Roasted Corn,Line C,2024-06-02 00:00:00,Jun-2024,Q2-2024,Environmental Excursion,Coliform,Supplier Non-conformance,Supplier CoA values inconsistent with in-house test,Major,External Audit,Closed — Effective,Yes
DEV-0207,BCH-2024-1003,Roasted Corn,Line A,2026-07-05 00:00:00,Jul-2026,Q3-2026,Raw Material Non-conformance,Process Temp,Maintenance Lapse,Calibration certificate expired — instrument quarantined,Major,Customer Complaint,Closed — Effective,Yes
DEV-0208,BCH-2023-0567,Masala Peanuts,Line C,2024-06-20 00:00:00,Jun-2024,Q2-2024,Packaging Defect,Packaging Seal,Training Gap,Operator unaware of updated critical limit,Minor,Environmental Swab,CAPA Raised,No
DEV-0209,BCH-2024-0920,Tapioca Crisps,Line B,2026-02-23 00:00:00,Feb-2026,Q1-2026,Microbial OOS,TPC,Raw Material Issue,RM purity below specification — supplier fault,Major,QC Analyst,Closed — Effective,Yes
DEV-0210,BCH-2023-0446,Sweet Potato Chips,Line B,2023-12-19 00:00:00,Dec-2023,Q4-2023,Physicochemical OOS,Yeast & Mold,Process Parameter Deviation,Conveyor speed inconsistency caused uneven frying,Major,QC Supervisor,Closed — Effective,Yes
DEV-0211,BCH-2022-0086,Sweet Potato Chips,Line B,2022-05-19 00:00:00,May-2022,Q2-2022,Documentation Error,pH,Equipment Failure,pH meter calibration drift — monthly check,Critical,Production Operator,Closed — Effective,Yes
DEV-0212,BCH-2024-0856,Tapioca Crisps,Line D,2025-11-18 00:00:00,Nov-2025,Q4-2025,Process Deviation,Moisture%,Human Error,Analyst used expired reagent for TPC,Major,Internal Auditor,CAPA Raised,Yes
DEV-0213,BCH-2024-0902,Sweet Potato Chips,Line B,2026-01-24 00:00:00,Jan-2026,Q1-2026,Equipment Malfunction,Purity%,Environmental Control Failure,Poor sanitation — environmental swab positive,Critical,Automated Alarm,Closed — Effective,Yes
DEV-0214,BCH-2024-0893,Banana Chips,Line E,2026-01-09 00:00:00,Jan-2026,Q1-2026,Environmental Excursion,Coliform,Supplier Non-conformance,Supplier changed manufacturing site without notification,Major,External Audit,Closed — Effective,Yes
DEV-0215,BCH-2024-0904,Tapioca Crisps,Line D,2026-01-27 00:00:00,Jan-2026,Q1-2026,Raw Material Non-conformance,Process Temp,Maintenance Lapse,Filter replacement overdue — micro contamination risk,Major,Customer Complaint,Closed — Effective,Yes
DEV-0216,BCH-2024-0988,Chickpea Snacks,Line D,2026-06-07 00:00:00,Jun-2026,Q2-2026,Packaging Defect,Packaging Seal,Training Gap,New analyst performed test without adequate supervision,Major,Environmental Swab,Closed — Effective,Yes
DEV-0217,BCH-2022-0277,Banana Chips,Line A,2023-03-31 00:00:00,Mar-2023,Q1-2023,Microbial OOS,TPC,Raw Material Issue,Moisture in raw ingredients elevated at goods-in,Critical,QC Analyst,Closed — Effective,Yes
DEV-0218,BCH-2023-0761,Jackfruit Chips,Line E,2025-06-03 00:00:00,Jun-2025,Q2-2025,Physicochemical OOS,Yeast & Mold,Process Parameter Deviation,Process water pH not adjusted pre-use,Major,QC Supervisor,Closed — Pending Verification,Yes
DEV-0219,BCH-2023-0603,Roasted Corn,Line C,2024-09-10 00:00:00,Sep-2024,Q3-2024,Documentation Error,pH,Equipment Failure,Conveyor belt slippage — unplanned downtime,Minor,Production Operator,Closed — Pending Verification,No
DEV-0220,BCH-2024-0974,Sweet Potato Chips,Line B,2026-05-21 00:00:00,May-2026,Q2-2026,Process Deviation,Moisture%,Human Error,Wrong product code entered in LIMS,Major,Internal Auditor,Closed — Pending Verification,Yes
DEV-0221,BCH-2022-0387,Roasted Corn,Line C,2023-09-21 00:00:00,Sep-2023,Q3-2023,Equipment Malfunction,Purity%,Environmental Control Failure,AHU malfunction — ambient temp excursion,Minor,Automated Alarm,Closed — Pending Verification,Yes
DEV-0222,BCH-2022-0287,Masala Peanuts,Line E,2023-04-29 00:00:00,Apr-2023,Q2-2023,Environmental Excursion,Coliform,Supplier Non-conformance,Packaging material lot with sub-spec barrier properties,Minor,External Audit,Under Investigation,No
DEV-0223,BCH-2023-0759,Masala Peanuts,Line C,2025-06-01 00:00:00,May-2025,Q2-2025,Raw Material Non-conformance,Process Temp,Maintenance Lapse,Preventive maintenance skipped during peak production,Minor,Customer Complaint,Under Investigation,No
DEV-0224,BCH-2023-0827,Roasted Corn,Line E,2025-09-25 00:00:00,Sep-2025,Q3-2025,Packaging Defect,Packaging Seal,Training Gap,Incorrect interpretation of borderline result,Major,Environmental Swab,Closed — Effective,Yes
DEV-0225,BCH-2024-1181,Banana Chips,Line E,2027-05-19 00:00:00,May-2027,Q2-2027,Microbial OOS,TPC,Raw Material Issue,Contaminated raw material lot passed incoming QC,Minor,QC Analyst,CAPA Raised,Yes
DEV-0226,BCH-2022-0400,Tapioca Crisps,Line D,2023-10-08 00:00:00,Oct-2023,Q4-2023,Physicochemical OOS,Yeast & Mold,Process Parameter Deviation,Frying temp dropped below spec during shift changeover,Major,QC Supervisor,Closed — Pending Verification,Yes
DEV-0227,BCH-2024-0922,Okra Chips,Line D,2026-02-25 00:00:00,Feb-2026,Q1-2026,Documentation Error,pH,Equipment Failure,Moisture analyser heating element degraded,Major,Production Operator,CAPA Raised,Yes
DEV-0228,BCH-2023-0760,Tapioca Crisps,Line D,2025-06-02 00:00:00,Jun-2025,Q2-2025,Process Deviation,Moisture%,Human Error,Incorrect sample size for physicochemical test,Major,Internal Auditor,CAPA Raised,Yes
DEV-0229,BCH-2022-0183,Masala Peanuts,Line C,2022-10-24 00:00:00,Oct-2022,Q4-2022,Equipment Malfunction,Purity%,Environmental Control Failure,Condensation in packaging area,Major,Automated Alarm,CAPA Raised,Yes
DEV-0230,BCH-2024-1152,Tapioca Crisps,Line F,2027-03-29 00:00:00,Mar-2027,Q1-2027,Environmental Excursion,Coliform,Supplier Non-conformance,Batch recall from supplier due to cross-contamination,Major,External Audit,Closed — Effective,Yes
DEV-0231,BCH-2024-1219,Roasted Corn,Line A,2027-07-20 00:00:00,Jul-2027,Q3-2027,Raw Material Non-conformance,Process Temp,Maintenance Lapse,PM overdue on critical pH instrument,Major,Customer Complaint,Closed — Pending Verification,Yes
DEV-0232,BCH-2023-0749,Banana Chips,Line E,2025-05-16 00:00:00,May-2025,Q2-2025,Packaging Defect,Packaging Seal,Training Gap,SOP revision not communicated to night shift,Minor,Environmental Swab,Closed — Effective,Yes
DEV-0233,BCH-2022-0315,Roasted Corn,Line C,2023-06-08 00:00:00,Jun-2023,Q2-2023,Microbial OOS,TPC,Raw Material Issue,Supplier batch YM count borderline on CoA,Major,QC Analyst,Closed — Effective,Yes
DEV-0234,BCH-2024-1085,Banana Chips,Line E,2026-12-03 00:00:00,Dec-2026,Q4-2026,Physicochemical OOS,Yeast & Mold,Process Parameter Deviation,Oil temperature overshoot — thermostat drift,Major,QC Supervisor,Closed — Effective,Yes
DEV-0235,BCH-2024-1208,Tapioca Crisps,Line B,2027-07-05 00:00:00,Jul-2027,Q3-2027,Documentation Error,pH,Equipment Failure,Packaging seal integrity failure,Critical,Production Operator,Closed — Effective,Yes
DEV-0236,BCH-2024-1090,Okra Chips,Line D,2026-12-12 00:00:00,Dec-2026,Q4-2026,Process Deviation,Moisture%,Human Error,BMR entry not completed contemporaneously,Major,Internal Auditor,Closed — Effective,Yes
DEV-0237,BCH-2022-0122,Okra Chips,Line B,2022-07-15 00:00:00,Jul-2022,Q3-2022,Equipment Malfunction,Purity%,Environmental Control Failure,Cold storage compressor failure — temp excursion,Major,Automated Alarm,Closed — Pending Verification,Yes
DEV-0238,BCH-2024-0883,Roasted Corn,Line A,2025-12-28 00:00:00,Dec-2025,Q4-2025,Environmental Excursion,Coliform,Supplier Non-conformance,Incorrect labelling on raw material bags,Major,External Audit,CAPA Raised,Yes
DEV-0239,BCH-2022-0375,Masala Peanuts,Line C,2023-08-29 00:00:00,Aug-2023,Q3-2023,Raw Material Non-conformance,Process Temp,Maintenance Lapse,Equipment MTTR exceeded SLA — production delay,Major,Customer Complaint,Closed — Effective,Yes
DEV-0240,BCH-2023-0655,Masala Peanuts,Line A,2024-12-02 00:00:00,Dec-2024,Q4-2024,Packaging Defect,Packaging Seal,Training Gap,Training records incomplete for promoted QC officer,Major,Environmental Swab,Closed — Effective,Yes
DEV-0241,BCH-2022-0299,Roasted Corn,Line E,2023-05-15 00:00:00,May-2023,Q2-2023,Microbial OOS,TPC,Raw Material Issue,Incoming RM lot TPC exceeded baseline by 2x,Major,QC Analyst,Closed — Effective,Yes
DEV-0242,BCH-2022-0310,Sweet Potato Chips,Line D,2023-05-29 00:00:00,May-2023,Q2-2023,Physicochemical OOS,Yeast & Mold,Process Parameter Deviation,Blanching time reduced due to PLC timing error,Major,QC Supervisor,Closed — Pending Verification,Yes
DEV-0243,BCH-2023-0601,Jackfruit Chips,Line A,2024-09-03 00:00:00,Sep-2024,Q3-2024,Documentation Error,pH,Equipment Failure,Autoclave pressure sensor malfunction,Major,Production Operator,CAPA Raised,Yes
DEV-0244,BCH-2022-0025,Jackfruit Chips,Line A,2022-02-22 00:00:00,Feb-2022,Q1-2022,Process Deviation,Moisture%,Human Error,Test skipped — analyst assumed pass from previous batch,Minor,Internal Auditor,CAPA Raised,No
DEV-0245,BCH-2023-0820,Chickpea Snacks,Line D,2025-09-17 00:00:00,Sep-2025,Q3-2025,Equipment Malfunction,Purity%,Environmental Control Failure,Pest ingress — production line suspended,Major,Automated Alarm,Closed — Effective,Yes
DEV-0246,BCH-2023-0592,Tapioca Crisps,Line D,2024-08-12 00:00:00,Aug-2024,Q3-2024,Environmental Excursion,Coliform,Supplier Non-conformance,Supplier CoA values inconsistent with in-house test,Major,External Audit,CAPA Raised,Yes
DEV-0247,BCH-2023-0663,Masala Peanuts,Line C,2024-12-28 00:00:00,Dec-2024,Q4-2024,Raw Material Non-conformance,Process Temp,Maintenance Lapse,Calibration certificate expired — instrument quarantined,Major,Customer Complaint,Closed — Pending Verification,Yes
DEV-0248,BCH-2022-0204,Chickpea Snacks,Line F,2022-11-26 00:00:00,Nov-2022,Q4-2022,Packaging Defect,Packaging Seal,Training Gap,Operator unaware of updated critical limit,Major,Environmental Swab,Closed — Effective,Yes
DEV-0249,BCH-2022-0024,Tapioca Crisps,Line F,2022-02-19 00:00:00,Feb-2022,Q1-2022,Microbial OOS,TPC,Raw Material Issue,RM purity below specification — supplier fault,Minor,QC Analyst,CAPA Raised,No
DEV-0250,BCH-2022-0156,Chickpea Snacks,Line F,2022-09-07 00:00:00,Sep-2022,Q3-2022,Physicochemical OOS,Yeast & Mold,Process Parameter Deviation,Conveyor speed inconsistency caused uneven frying,Major,QC Supervisor,Closed — Effective,Yes
DEV-0251,BCH-2023-0736,Tapioca Crisps,Line D,2025-04-22 00:00:00,Apr-2025,Q2-2025,Documentation Error,pH,Equipment Failure,pH meter calibration drift — monthly check,Major,Production Operator,CAPA Raised,Yes
DEV-0252,BCH-2022-0159,Masala Peanuts,Line C,2022-09-11 00:00:00,Sep-2022,Q3-2022,Process Deviation,Moisture%,Human Error,Analyst used expired reagent for TPC,Major,Internal Auditor,CAPA Raised,Yes
DEV-0253,BCH-2022-0178,Okra Chips,Line D,2022-10-16 00:00:00,Oct-2022,Q4-2022,Equipment Malfunction,Purity%,Environmental Control Failure,Poor sanitation — environmental swab positive,Major,Automated Alarm,Closed — Effective,Yes
DEV-0254,BCH-2023-0561,Jackfruit Chips,Line C,2024-06-10 00:00:00,Jun-2024,Q2-2024,Environmental Excursion,Coliform,Supplier Non-conformance,Supplier changed manufacturing site without notification,Critical,External Audit,CAPA Raised,Yes
DEV-0255,BCH-2023-0791,Masala Peanuts,Line E,2025-07-28 00:00:00,Jul-2025,Q3-2025,Raw Material Non-conformance,Process Temp,Maintenance Lapse,Filter replacement overdue — micro contamination risk,Major,Customer Complaint,Closed — Effective,Yes
DEV-0256,BCH-2022-0207,Masala Peanuts,Line C,2022-12-04 00:00:00,Dec-2022,Q4-2022,Packaging Defect,Packaging Seal,Training Gap,New analyst performed test without adequate supervision,Critical,Environmental Swab,Closed — Effective,Yes
DEV-0257,BCH-2024-1089,Jackfruit Chips,Line C,2026-12-11 00:00:00,Dec-2026,Q4-2026,Microbial OOS,TPC,Raw Material Issue,Moisture in raw ingredients elevated at goods-in,Major,QC Analyst,Closed — Effective,Yes
DEV-0258,BCH-2024-1216,Tapioca Crisps,Line D,2027-07-17 00:00:00,Jul-2027,Q3-2027,Physicochemical OOS,Yeast & Mold,Process Parameter Deviation,Process water pH not adjusted pre-use,Minor,QC Supervisor,Closed — Effective,No
DEV-0259,BCH-2024-1246,Sweet Potato Chips,Line D,2027-09-17 00:00:00,Sep-2027,Q3-2027,Documentation Error,pH,Equipment Failure,Conveyor belt slippage — unplanned downtime,Major,Production Operator,Closed — Effective,Yes
DEV-0260,BCH-2022-0285,Banana Chips,Line C,2023-04-23 00:00:00,Apr-2023,Q2-2023,Process Deviation,Moisture%,Human Error,Wrong product code entered in LIMS,Major,Internal Auditor,CAPA Raised,Yes
DEV-0261,BCH-2022-0251,Roasted Corn,Line E,2023-02-12 00:00:00,Feb-2023,Q1-2023,Equipment Malfunction,Purity%,Environmental Control Failure,AHU malfunction — ambient temp excursion,Major,Automated Alarm,Closed — Effective,Yes
DEV-0262,BCH-2023-0671,Masala Peanuts,Line E,2025-01-12 00:00:00,Jan-2025,Q1-2025,Environmental Excursion,Coliform,Supplier Non-conformance,Packaging material lot with sub-spec barrier properties,Major,External Audit,Closed — Pending Verification,Yes
DEV-0263,BCH-2024-1166,Sweet Potato Chips,Line B,2027-04-29 00:00:00,Apr-2027,Q2-2027,Raw Material Non-conformance,Process Temp,Maintenance Lapse,Preventive maintenance skipped during peak production,Major,Customer Complaint,Closed — Effective,Yes
DEV-0264,BCH-2022-0134,Sweet Potato Chips,Line B,2022-08-09 00:00:00,Aug-2022,Q3-2022,Packaging Defect,Packaging Seal,Training Gap,Incorrect interpretation of borderline result,Major,Environmental Swab,CAPA Raised,Yes
DEV-0265,BCH-2024-0864,Tapioca Crisps,Line F,2025-11-28 00:00:00,Nov-2025,Q4-2025,Microbial OOS,TPC,Raw Material Issue,Contaminated raw material lot passed incoming QC,Major,QC Analyst,CAPA Raised,Yes
DEV-0266,BCH-2024-0923,Roasted Corn,Line E,2026-02-26 00:00:00,Feb-2026,Q1-2026,Physicochemical OOS,Yeast & Mold,Process Parameter Deviation,Frying temp dropped below spec during shift changeover,Major,QC Supervisor,Closed — Effective,Yes
